iteration;bs_price;tree_price;elapsed
1;16.671112393;16.5841061355;0.0
2;16.671112393;16.5841061355;0.0005006790161132812
3;16.671112393;16.5850360989;0.0
4;16.671112393;16.6782889307;0.0004994869232177734
5;16.671112393;16.6684083534;0.0
6;16.671112393;16.6415519221;0.0
7;16.671112393;16.6690728543;0.0
8;16.671112393;16.6711525563;0.0005006790161132812
9;16.671112393;16.6509499248;0.0005009174346923828
10;16.671112393;16.671474506;0.0004985332489013672
11;16.671112393;16.6689484123;0.0005002021789550781
12;16.671112393;16.6512381031;0.0005004405975341797
13;16.671112393;16.6731956116;0.0004994869232177734
14;16.671112393;16.6650603324;0.0004999637603759766
15;16.671112393;16.6661809256;0.0005009174346923828
16;16.671112393;16.6718875174;0.0005002021789550781
17;16.671112393;16.6598897118;0.001001119613647461
18;16.671112393;16.6720042243;0.0010013580322265625
19;16.671112393;16.667944091;0.0005002021789550781
20;16.671112393;16.6664205604;0.0010004043579101562
21;16.671112393;16.6718422192;0.0010008811950683594
22;16.671112393;16.6622508763;0.0010006427764892578
23;16.671112393;16.6719228916;0.0015017986297607422
24;16.671112393;16.6680186591;0.0010004043579101562
25;16.671112393;16.6686219186;0.0015015602111816406
26;16.671112393;16.6712329369;0.001501321792602539
27;16.671112393;16.6623918397;0.0020008087158203125
28;16.671112393;16.6720483659;0.001500844955444336
29;16.671112393;16.6669645166;0.001500844955444336
30;16.671112393;16.6706656521;0.0020012855529785156
31;16.671112393;16.670124884;0.0025348663330078125
32;16.671112393;16.6673023787;0.0024678707122802734
33;16.671112393;16.6716804092;0.002001523971557617
34;16.671112393;16.6651707014;0.002483844757080078
35;16.671112393;16.6717256578;0.00250244140625
36;16.671112393;16.6684196298;0.0024852752685546875
37;16.671112393;16.6703692565;0.003002643585205078
38;16.671112393;16.6705507652;0.002501249313354492
39;16.671112393;16.6677253594;0.003502368927001953
40;16.671112393;16.6716072281;0.004004240036010742
41;16.671112393;16.6661124216;0.0035250186920166016
42;16.671112393;16.6716430304;0.003479480743408203
43;16.671112393;16.6686412266;0.0045049190521240234
44;16.671112393;16.6707184819;0.00400233268737793
45;16.671112393;16.6703878052;0.0040280818939208984
46;16.671112393;16.6688969029;0.00452733039855957
47;16.671112393;16.6713774392;0.004479885101318359
48;16.671112393;16.6662423078;0.004528999328613281
49;16.671112393;16.6716410058;0.004984378814697266
50;16.671112393;16.6682460296;0.005001068115234375
51;16.671112393;16.6712129834;0.004979848861694336
52;16.671112393;16.6698753701;0.005590677261352539
53;16.671112393;16.6701299371;0.006006479263305664
54;16.671112393;16.6709511495;0.014510631561279297
55;16.671112393;16.6684293828;0.010009527206420898
56;16.671112393;16.6714910673;0.01450967788696289
57;16.671112393;16.6674263633;0.011510848999023438
58;16.671112393;16.6715151791;0.006481170654296875
59;16.671112393;16.6690451665;0.006482601165771484
60;16.671112393;16.6710451123;0.0070116519927978516
61;16.671112393;16.670247773;0.007483005523681641
62;16.671112393;16.6701034467;0.007529258728027344
63;16.671112393;16.6710442056;0.007509708404541016
64;16.671112393;16.6687132304;0.008004188537597656
65;16.671112393;16.6714461439;0.020511627197265625
66;16.671112393;16.6678955887;0.008514404296875
67;16.671112393;16.6714664838;0.020074129104614258
68;16.671112393;16.6692204031;0.014518260955810547
69;16.671112393;16.6711189749;0.00951695442199707
70;16.671112393;16.6702312632;0.009516000747680664
71;16.671112393;16.6704179257;0.009507179260253906
72;16.671112393;16.6709348333;0.010503053665161133
73;16.671112393;16.6693779641;0.010529279708862305
74;16.671112393;16.6713387281;0.010504722595214844
75;16.671112393;16.6680138443;0.011050224304199219
76;16.671112393;16.6714512902;0.01853632926940918
77;16.671112393;16.6690388323;0.012034416198730469
78;16.671112393;16.6712814035;0.0115203857421875
79;16.671112393;16.6699754531;0.01200723648071289
80;16.671112393;16.6708383349;0.012508869171142578
81;16.671112393;16.6706738076;0.012486457824707031
82;16.671112393;16.6701316037;0.014009237289428711
83;16.671112393;16.6711388439;0.013998746871948242
84;16.671112393;16.6691708719;0.01351022720336914
85;16.671112393;16.6713759933;0.02551889419555664
86;16.671112393;16.6685986206;0.014002799987792969
87;16.671112393;16.671391064;0.017024755477905273
88;16.671112393;16.6695186522;0.01602768898010254
89;16.671112393;16.6711901511;0.01550912857055664
90;16.671112393;16.6702502984;0.02453446388244629
91;16.671112393;16.6707795579;0.038028717041015625
92;16.671112393;16.6707967556;0.017485618591308594
93;16.671112393;16.6701657302;0.01703667640686035
94;16.671112393;16.6711615627;0.016988277435302734
95;16.671112393;16.6693551997;0.038027048110961914
96;16.671112393;16.671348538;0.020012378692626953
97;16.671112393;16.6688659743;0.020514488220214844
98;16.671112393;16.6713617232;0.02751946449279785
99;16.671112393;16.6696445793;0.025017499923706055
100;16.671112393;16.6712053346;0.019515275955200195
101;16.671112393;16.6702739522;0.02051377296447754
102;16.671112393;16.6708837213;0.020015239715576172
103;16.671112393;16.6707563815;0.020515918731689453
104;16.671112393;16.6704013275;0.021032333374023438
105;16.671112393;16.6710943703;0.021015644073486328
106;16.671112393;16.669762661;0.02151775360107422
107;16.671112393;16.6712906;0.022014617919921875
108;16.671112393;16.6689722654;0.02902078628540039
109;16.671112393;16.6713478987;0.02451777458190918
110;16.671112393;16.6695490084;0.025016307830810547
111;16.671112393;16.6712692131;0.024016141891479492
112;16.671112393;16.670133769;0.024068355560302734
113;16.671112393;16.6710575835;0.024516820907592773
114;16.671112393;16.6705998939;0.05153656005859375
115;16.671112393;16.6707161217;0.0310211181640625
116;16.671112393;16.6709491466;0.0480351448059082
117;16.671112393;16.6702479912;0.02852010726928711
118;16.671112393;16.6711834135;0.05203700065612793
119;16.671112393;16.6696563908;0.060570478439331055
120;16.671112393;16.6713046847;0.05151247978210449
121;16.671112393;16.6692860104;0.039525508880615234
122;16.671112393;16.6713150371;0.028045177459716797
123;16.671112393;16.6698580997;0.03900003433227539
124;16.671112393;16.671216618;0.04301595687866211
125;16.671112393;16.6703330216;0.03552532196044922
126;16.671112393;16.671011632;0.05103445053100586
127;16.671112393;16.6707120142;0.03404736518859863
128;16.671112393;16.6707023277;0.0335237979888916
129;16.671112393;16.6709964052;0.04853558540344238
130;16.671112393;16.6702909872;0.0325474739074707
131;16.671112393;16.6711875998;0.03402423858642578
132;16.671112393;16.6697799158;0.07605624198913574
133;16.671112393;16.6712870692;0.054598093032836914
134;16.671112393;16.6694527503;0.059015750885009766
135;16.671112393;16.6712963407;0.03502488136291504
136;16.671112393;16.6699486407;0.036025285720825195
137;16.671112393;16.6712169885;0.05106067657470703
138;16.671112393;16.6703648598;0.04951119422912598
139;16.671112393;16.6710506249;0.06404519081115723
140;16.671112393;16.6707023394;0.04251694679260254
141;16.671112393;16.6707988933;0.03702592849731445
142;16.671112393;16.670962071;0.03854084014892578
143;16.671112393;16.6704634608;0.057100772857666016
144;16.671112393;16.6711450985;0.04853463172912598
145;16.671112393;16.6700460127;0.04302978515625
146;16.671112393;16.671252511;0.04052853584289551
147;16.671112393;16.6695482462;0.040528059005737305
148;16.671112393;16.6712854371;0.04403090476989746
149;16.671112393;16.6698932237;0.04203081130981445
150;16.671112393;16.6712450384;0.05403947830200195
151;16.671112393;16.6702818487;0.05655694007873535
152;16.671112393;16.6711325048;0.04353904724121094
153;16.671112393;16.6706050048;0.06402182579040527
154;16.671112393;16.6709490493;0.045032501220703125
155;16.671112393;16.6708634299;0.07555341720581055
156;16.671112393;16.6706959035;0.04703402519226074
157;16.671112393;16.6710578998;0.04655790328979492
158;16.671112393;16.6703743141;0.06754922866821289
159;16.671112393;16.6711892231;0.04805564880371094
160;16.671112393;16.6699855385;0.048026323318481445
161;16.671112393;16.6712582373;0.0735781192779541
162;16.671112393;16.6697237698;0.049094438552856445
163;16.671112393;16.6712658052;0.06752228736877441
164;16.671112393;16.6701035233;0.05205345153808594
165;16.671112393;16.6712128111;0.05055999755859375
166;16.671112393;16.6704282394;0.08556008338928223
167;16.671112393;16.6711001579;0.07805705070495605
168;16.671112393;16.6706984664;0.0665445327758789
169;16.671112393;16.6709287637;0.061544179916381836
170;16.671112393;16.6709147806;0.056067466735839844
171;16.671112393;16.6706995594;0.07452702522277832
172;16.671112393;16.6710777837;0.08005857467651367
173;16.671112393;16.6704134863;0.057538747787475586
174;16.671112393;16.6711880995;0.058541297912597656
175;16.671112393;16.6700714931;0.057540178298950195
176;16.671112393;16.6712463715;0.08358573913574219
177;16.671112393;16.6698347697;0.05908775329589844
178;16.671112393;16.6712532607;0.11207962036132812
179;16.671112393;16.6701699154;0.1291346549987793
180;16.671112393;16.6712094431;0.07354879379272461
181;16.671112393;16.6704587639;0.1155860424041748
182;16.671112393;16.6711156077;0.06356954574584961
183;16.671112393;16.670701743;0.06304478645324707
184;16.671112393;16.6709724549;0.08353471755981445
185;16.671112393;16.6708993004;0.10360431671142578
186;16.671112393;16.6707806941;0.07708215713500977
187;16.671112393;16.6710519014;0.09003806114196777
188;16.671112393;16.6705410427;0.09112334251403809
189;16.671112393;16.6711600271;0.09358692169189453
190;16.671112393;16.6702542239;0.07405209541320801
191;16.671112393;16.6712241731;0.06755781173706055
192;16.671112393;16.669920966;0.06904911994934082
193;16.671112393;16.6712448476;0.12561464309692383
194;16.671112393;16.6701353743;0.10955286026000977
195;16.671112393;16.67122257;0.12420892715454102
196;16.671112393;16.6704064596;0.07405400276184082
197;16.671112393;16.6711578694;0.07255220413208008
198;16.671112393;16.6706385446;0.07355117797851562
199;16.671112393;16.6710512837;0.10004782676696777
200;16.671112393;16.6708319759;0.12260651588439941
201;16.671112393;16.6709033578;0.0865790843963623
202;16.671112393;16.6709871134;0.07810807228088379
203;16.671112393;16.670714643;0.10954856872558594
204;16.671112393;16.6711043288;0.08506059646606445
205;16.671112393;16.6704856956;0.07855606079101562
206;16.671112393;16.6711840047;0.10912442207336426
207;16.671112393;16.670217076;0.08214354515075684
208;16.671112393;16.6712265333;0.12159395217895508
209;16.671112393;16.670019864;0.10712337493896484
210;16.671112393;16.6712323155;0.09759807586669922
211;16.671112393;16.6702847693;0.1069643497467041
212;16.671112393;16.67120176;0.11811161041259766
213;16.671112393;16.6705162251;0.08453536033630371
214;16.671112393;16.6711352822;0.12158560752868652
215;16.671112393;16.6707144995;0.08607840538024902
216;16.671112393;16.6710333035;0.08706212043762207
217;16.671112393;16.670879871;0.15413641929626465
218;16.671112393;16.6708962504;0.10210847854614258
219;16.671112393;16.671012627;0.09956979751586914
220;16.671112393;16.6707245541;0.13409805297851562
221;16.671112393;16.6711130635;0.15661072731018066
222;16.671112393;16.6705186493;0.0925910472869873
223;16.671112393;16.6711814842;0.09206628799438477
224;16.671112393;16.6702789738;0.1095736026763916
225;16.671112393;16.6712181998;0.1231541633605957
226;16.671112393;16.6700974968;0.09654450416564941
227;16.671112393;16.6712235271;0.136091947555542
228;16.671112393;16.6703345785;0.12357974052429199
229;16.671112393;16.6711977886;0.13908004760742188
230;16.671112393;16.6705429612;0.10810303688049316
231;16.671112393;16.6711413119;0.164093017578125
232;16.671112393;16.67072286;0.13106727600097656
233;16.671112393;16.671054429;0.12158727645874023
234;16.671112393;16.6708744973;0.1365966796875
235;16.671112393;16.6709374756;0.16762137413024902
236;16.671112393;16.6709981026;0.10807585716247559
237;16.671112393;16.6707907912;0.1171102523803711
238;16.671112393;16.6710939113;0.1214599609375
239;16.671112393;16.6706147179;0.14910674095153809
240;16.671112393;16.6711621648;0.15261197090148926
241;16.671112393;16.6704096003;0.1125791072845459
242;16.671112393;16.6712031095;0.1080782413482666
243;16.671112393;16.6701757851;0.1976163387298584
244;16.671112393;16.6712169966;0.1365964412689209
245;16.671112393;16.6703118119;0.14062762260437012
246;16.671112393;16.6712040817;0.15413570404052734
247;16.671112393;16.6705083152;0.16011500358581543
248;16.671112393;16.6711646242;0.19576215744018555
249;16.671112393;16.6706801717;0.15060734748840332
250;16.671112393;16.671098887;0.11708307266235352
251;16.671112393;16.6708275591;0.14412236213684082
252;16.671112393;16.6710071359;0.1280651092529297
253;16.671112393;16.6709506601;0.13516616821289062
254;16.671112393;16.6708896396;0.13012194633483887
255;16.671112393;16.6710496624;0.14510369300842285
256;16.671112393;16.6707466693;0.13109374046325684
257;16.671112393;16.6711247579;0.13807201385498047
258;16.671112393;16.6705784981;0.17014813423156738
259;16.671112393;16.6711761427;0.1573195457458496
260;16.671112393;16.6703854008;0.15010786056518555
261;16.671112393;16.6712040167;0.14656734466552734
262;16.671112393;16.6702295614;0.14910626411437988
263;16.671112393;16.6712085829;0.21665525436401367
264;16.671112393;16.6704216941;0.13809776306152344
265;16.671112393;16.6711900477;0.14313125610351562
266;16.671112393;16.6705923497;0.2071399688720703
267;16.671112393;16.6711486202;0.135606050491333
268;16.671112393;16.6707416697;0.17610883712768555
269;16.671112393;16.671084512;0.14010143280029297
270;16.671112393;16.6708698;0.17264986038208008
271;16.671112393;16.670997937;0.17409968376159668
272;16.671112393;16.67097689;0.14807939529418945
273;16.671112393;16.6708891111;0.13859963417053223
274;16.671112393;16.6710630929;0.1821298599243164
275;16.671112393;16.6707582521;0.139235258102417
276;16.671112393;16.6711285649;0.17710018157958984
277;16.671112393;16.6706055791;0.19313549995422363
278;16.671112393;16.6711734653;0.19361090660095215
279;16.671112393;16.6704313128;0.17415189743041992
280;16.671112393;16.6711979562;0.20564603805541992
281;16.671112393;16.6702859992;0.18918681144714355
282;16.671112393;16.6712022022;0.22018146514892578
283;16.671112393;16.6704598872;0.1626145839691162
284;16.671112393;16.6711863703;0.19664263725280762
285;16.671112393;16.6706150562;0.1685953140258789
286;16.671112393;16.6711506296;0.16662216186523438
287;16.671112393;16.6707516224;0.15965962409973145
288;16.671112393;16.6710951511;0.15711116790771484
289;16.671112393;16.6708697052;0.15510773658752441
290;16.671112393;16.6710201075;0.1771249771118164
291;16.671112393;16.6709694265;0.19811725616455078
292;16.671112393;16.6709256734;0.17362189292907715
293;16.671112393;16.6710509113;0.16114115715026855
294;16.671112393;16.6708120243;0.18560552597045898
295;16.671112393;16.6711142867;0.16164231300354004
296;16.671112393;16.6706793373;0.18467307090759277
297;16.671112393;16.6711596824;0.18515992164611816
298;16.671112393;16.6705277906;0.21966052055358887
299;16.671112393;16.6711872301;0.20967578887939453
300;16.671112393;16.670357563;0.1676802635192871
301;16.671112393;16.6711970634;0.21818041801452637
302;16.671112393;16.6704441989;0.1967329978942871
303;16.671112393;16.671189318;0.20064067840576172
304;16.671112393;16.67059115;0.20465660095214844
305;16.671112393;16.6711641311;0.24019765853881836
306;16.671112393;16.6707217755;0.174149751663208
307;16.671112393;16.6711216413;0.22717523574829102
308;16.671112393;16.6708361727;0.20815181732177734
309;16.671112393;16.6710619889;0.17762446403503418
310;16.671112393;16.6709344415;0.21465420722961426
311;16.671112393;16.6709853154;0.19967079162597656
312;16.671112393;16.6710166837;0.20412111282348633
313;16.671112393;16.6708917632;0.22967123985290527
314;16.671112393;16.6710830028;0.19516634941101074
315;16.671112393;16.6707814761;0.21175575256347656
316;16.671112393;16.6711335046;0.24518227577209473
317;16.671112393;16.6706545985;0.21863818168640137
318;16.671112393;16.6711682964;0.21215033531188965
319;16.671112393;16.6705112759;0.19666767120361328
320;16.671112393;16.6711874869;0.22318434715270996
321;16.671112393;16.6703835589;0.19814252853393555
322;16.671112393;16.6711911866;0.2597208023071289
323;16.671112393;16.6705273562;0.22117304801940918
324;16.671112393;16.6711795072;0.21117520332336426
325;16.671112393;16.6706567427;0.26416516304016113
326;16.671112393;16.6711525616;0.2562088966369629
327;16.671112393;16.670771798;0.2446732521057129
328;16.671112393;16.671110464;0.23119425773620605
329;16.671112393;16.6708726034;0.276735782623291
330;16.671112393;16.6710533296;0.3187551498413086
331;16.671112393;16.6709592422;0.22466015815734863
332;16.671112393;16.6709812746;0.2571845054626465
333;16.671112393;16.671031799;0.2557499408721924
334;16.671112393;16.670894416;0.22814083099365234
335;16.671112393;16.6710903598;0.23116374015808105
336;16.671112393;16.6707928718;0.23816943168640137
337;16.671112393;16.6711350124;0.2807772159576416
338;16.671112393;16.6706767604;0.24517083168029785
339;16.671112393;16.6711658455;0.21818304061889648
340;16.671112393;16.670546201;0.28322601318359375
341;16.671112393;16.6711829492;0.2621805667877197
342;16.671112393;16.6704258866;0.28370046615600586
343;16.671112393;16.6711864148;0.23116517066955566
344;16.671112393;16.6705572261;0.24220061302185059
345;16.671112393;16.6711763344;0.2797253131866455
346;16.671112393;16.6706758437;0.294724702835083
347;16.671112393;16.6711528015;0.34286999702453613
348;16.671112393;16.6707818059;0.2441720962524414
349;16.671112393;16.6711159101;0.3212308883666992
350;16.671112393;16.6708751805;0.2691941261291504
351;16.671112393;16.6710657552;0.30171656608581543
352;16.671112393;16.6709560368;0.26471567153930664
353;16.671112393;16.6710024326;0.24867939949035645
354;16.671112393;16.6710244452;0.28572869300842285
355;16.671112393;16.6709260389;0.29120707511901855
356;16.671112393;16.6710804771;0.3031916618347168
357;16.671112393;16.670836671;0.26768970489501953
358;16.671112393;16.6711242053;0.325732946395874
359;16.671112393;16.6707344268;0.25073957443237305
360;16.671112393;16.6711557034;0.29576992988586426
361;16.671112393;16.6706194045;0.24517536163330078
362;16.671112393;16.671175046;0.25368261337280273
363;16.671112393;16.6704917027;0.2471764087677002
364;16.671112393;16.6711823088;0.24917817115783691
365;16.671112393;16.670546017;0.2526829242706299
366;16.671112393;16.6711775682;0.2747204303741455
367;16.671112393;16.6706587798;0.37226438522338867
368;16.671112393;16.6711609013;0.2977147102355957
369;16.671112393;16.6707603066;0.29828310012817383
370;16.671112393;16.671132386;0.29156947135925293
371;16.671112393;16.6708506539;0.279202938079834
372;16.671112393;16.671092101;0.3572554588317871
373;16.671112393;16.6709298793;0.3292093276977539
374;16.671112393;16.6710401254;0.35878562927246094
375;16.671112393;16.6709980412;0.29773807525634766
376;16.671112393;16.6709765392;0.29969024658203125
377;16.671112393;16.6710551992;0.3042151927947998
378;16.671112393;16.6709014226;0.28573179244995117
379;16.671112393;16.6711014137;0.4103388786315918
380;16.671112393;16.6708148566;0.32723283767700195
381;16.671112393;16.6711367458;0.3232307434082031
382;16.671112393;16.6707169223;0.3087475299835205
383;16.671112393;16.6711612575;0.41129016876220703
384;16.671112393;16.6706077015;0.3182516098022461
385;16.671112393;16.6711750116;0.2832496166229248
386;16.671112393;16.6705000235;0.34724974632263184
387;16.671112393;16.6711780714;0.2827296257019043
388;16.671112393;16.6706104633;0.324737548828125
389;16.671112393;16.6711705009;0.33223628997802734
390;16.671112393;16.6707108784;0.36278510093688965
391;16.671112393;16.671152365;0.34674978256225586
392;16.671112393;16.6708013158;0.40512728691101074
393;16.671112393;16.6711237287;0.33575439453125
394;16.671112393;16.6708818236;0.3432188034057617
395;16.671112393;16.6710846579;0.3263835906982422
396;16.671112393;16.6709524504;0.31522512435913086
397;16.671112393;16.6710352189;0.39630961418151855
398;16.671112393;16.6710132456;0.36326098442077637
399;16.671112393;16.6709754783;0.38843345642089844
400;16.671112393;16.6710642595;0.4167649745941162
401;16.671112393;16.6709055032;0.3218224048614502
402;16.671112393;16.6711055431;0.39427971839904785
403;16.671112393;16.6708253612;0.34224677085876465
404;16.671112393;16.6711371477;0.35374951362609863
405;16.671112393;16.6707351203;0.3978543281555176
406;16.671112393;16.6711591257;0.3334083557128906
407;16.671112393;16.6706348484;0.4593479633331299
408;16.671112393;16.6711715297;0.36534953117370605
409;16.671112393;16.6705325927;0.3562302589416504
410;16.671112393;16.671174413;0.4068942070007324
411;16.671112393;16.6706342371;0.358781099319458
412;16.671112393;16.6711678294;0.3702661991119385
413;16.671112393;16.6707269371;0.3432469367980957
414;16.671112393;16.6711518332;0.3953728675842285
415;16.671112393;16.6708107327;0.3953065872192383
416;16.671112393;16.6711264792;0.44536256790161133
417;16.671112393;16.6708856645;0.35828423500061035
418;16.671112393;16.6710918225;0.3727407455444336
419;16.671112393;16.6709517735;0.4087941646575928
420;16.671112393;16.6710479187;0.37987375259399414
421;16.671112393;16.6710091017;0.41129446029663086
422;16.671112393;16.6709948237;0.40428900718688965
423;16.671112393;16.6710576915;0.46183323860168457
424;16.671112393;16.6709325938;0.38129711151123047
425;16.671112393;16.6710975856;0.4082927703857422
426;16.671112393;16.6708612855;0.40778231620788574
427;16.671112393;16.6711288277;0.4253554344177246
428;16.671112393;16.6707809559;0.3862769603729248
429;16.671112393;16.6711514617;0.3787713050842285
430;16.671112393;16.6706916619;0.36480093002319336
431;16.671112393;16.6711655319;0.42780637741088867
432;16.671112393;16.6705934611;0.49988436698913574
433;16.671112393;16.6711710832;0.49636411666870117
434;16.671112393;16.6706259845;0.4248049259185791
435;16.671112393;16.6711681609;0.4268043041229248
436;16.671112393;16.6707144055;0.4778428077697754
437;16.671112393;16.6711568108;0.42234039306640625
438;16.671112393;16.6707948434;0.4639625549316406
439;16.671112393;16.6711370787;0.4189877510070801
440;16.671112393;16.6708673328;0.4302833080291748
441;16.671112393;16.6711090112;0.3858649730682373
442;16.671112393;16.6709319083;0.4848477840423584
443;16.671112393;16.6710726549;0.42251038551330566
444;16.671112393;16.6709886053;0.48334670066833496
445;16.671112393;16.6710280569;0.45795249938964844
446;16.671112393;16.6710374596;0.4530355930328369
447;16.671112393;16.6709752646;0.4162888526916504
448;16.671112393;16.6710785074;0.4473752975463867
449;16.671112393;16.6709143254;0.5098645687103271
450;16.671112393;16.6711117855;0.4102919101715088
451;16.671112393;16.6708452872;0.4853508472442627
452;16.671112393;16.6711373308;0.5128920078277588
453;16.671112393;16.6707681981;0.5026061534881592
454;16.671112393;16.6711551809;0.4768691062927246
455;16.671112393;16.6706831064;0.41884660720825195
456;16.671112393;16.6711653736;0.4714987277984619
457;16.671112393;16.6705902677;0.4818449020385742
458;16.671112393;16.6711679471;0.4329049587249756
459;16.671112393;16.6706769441;0.48907017707824707
460;16.671112393;16.6711629399;0.42136383056640625
461;16.671112393;16.6707564338;0.43483614921569824
462;16.671112393;16.6711503908;0.5333826541900635
463;16.671112393;16.6708287659;0.45475244522094727
464;16.671112393;16.6711303389;0.44435977935791016
465;16.671112393;16.6708939697;0.48599791526794434
466;16.671112393;16.6711028237;0.4679725170135498
467;16.671112393;16.6709520751;0.4209413528442383
468;16.671112393;16.6710678847;0.47133874893188477
469;16.671112393;16.6710031124;0.4829905033111572
470;16.671112393;16.671025562;0.5284528732299805
471;16.671112393;16.6710471123;0.47640442848205566
472;16.671112393;16.6709758955;0.519505500793457
473;16.671112393;16.6710841056;0.4469306468963623
474;16.671112393;16.6709189257;0.49741673469543457
475;16.671112393;16.6711141239;0.5133941173553467
476;16.671112393;16.6708546932;0.5058603286743164
477;16.671112393;16.6711371985;0.49689245223999023
478;16.671112393;16.6707832386;0.4959526062011719
479;16.671112393;16.6711533617;0.46012306213378906
480;16.671112393;16.6707046028;0.5291745662689209
481;16.671112393;16.6711626455;0.48101234436035156
482;16.671112393;16.670618827;0.47733044624328613
483;16.671112393;16.6711650826;0.47383785247802734
484;16.671112393;16.6706961618;0.46685075759887695
485;16.671112393;16.6711607058;0.5159561634063721
486;16.671112393;16.6707699819;0.553462028503418
487;16.671112393;16.671149548;0.5219447612762451
488;16.671112393;16.670837357;0.5931286811828613
489;16.671112393;16.6711316427;0.5050535202026367
490;16.671112393;16.6708983124;0.5124621391296387
491;16.671112393;16.6711070232;0.4913511276245117
492;16.671112393;16.6709528737;0.4943838119506836
493;16.671112393;16.6710757235;0.5080032348632812
494;16.671112393;16.6710010668;0.508427619934082
495;16.671112393;16.6710377773;0.5509786605834961
496;16.671112393;16.6710429178;0.5540003776550293
497;16.671112393;16.6709932188;0.5650391578674316
498;16.671112393;16.6710784534;0.5764293670654297
499;16.671112393;16.6709420824;0.5138566493988037
500;16.671112393;16.6711077002;0.5331282615661621
501;16.671112393;16.6708844024;0.5047605037689209
502;16.671112393;16.6711306854;0.5680091381072998
503;16.671112393;16.6708202136;0.6116797924041748
504;16.671112393;16.6711474361;0.572683572769165
505;16.671112393;16.6707495507;0.5368833541870117
506;16.671112393;16.67115798;0.531426191329956
507;16.671112393;16.6706724486;0.6659829616546631
508;16.671112393;16.6711623448;0.6079580783843994
509;16.671112393;16.6706899304;0.5143427848815918
510;16.671112393;16.6711605585;0.535984992980957
511;16.671112393;16.6707605528;0.5802278518676758
512;16.671112393;16.6711526494;0.6380102634429932
513;16.671112393;16.6708253493;0.5359797477722168
514;16.671112393;16.6711386456;0.5579319000244141
515;16.671112393;16.6708843414;0.5729711055755615
516;16.671112393;16.671118576;0.6024649143218994
517;16.671112393;16.6709375513;0.5757148265838623
518;16.671112393;16.6710924692;0.6095542907714844
519;16.671112393;16.6709850009;0.6920397281646729
520;16.671112393;16.6710603542;0.6294384002685547
521;16.671112393;16.6710267129;0.5932340621948242
522;16.671112393;16.67102226;0.6029562950134277
523;16.671112393;16.6710627098;0.6137838363647461
524;16.671112393;16.670978216;0.5416631698608398
525;16.671112393;16.6710930146;0.6826071739196777
526;16.671112393;16.6709282514;0.5758950710296631
527;16.671112393;16.6711176504;0.597022533416748
528;16.671112393;16.6708723959;0.5489764213562012
529;16.671112393;16.6711366405;0.6417005062103271
530;16.671112393;16.670810679;0.637932300567627
531;16.671112393;16.6711500084;0.6929967403411865
532;16.671112393;16.6707431305;0.635481595993042
533;16.671112393;16.671157778;0.6520857810974121
534;16.671112393;16.6706697803;0.574681282043457
535;16.671112393;16.6711599731;0.6066091060638428
536;16.671112393;16.6707309256;0.5654292106628418
537;16.671112393;16.6711566178;0.6554684638977051
538;16.671112393;16.6707949291;0.6534719467163086
539;16.671112393;16.6711477364;0.6614706516265869
540;16.671112393;16.670853666;0.7020032405853271
541;16.671112393;16.6711333533;0.6099565029144287
542;16.671112393;16.6709071549;0.6350264549255371
543;16.671112393;16.6711134931;0.6785759925842285
544;16.671112393;16.670955415;0.577387809753418
545;16.671112393;16.6710881804;0.599956750869751
546;16.671112393;16.6709984653;0.6365005970001221
547;16.671112393;16.6710574403;0.6849257946014404
548;16.671112393;16.6710363255;0.6866230964660645
549;16.671112393;16.6710212976;0.6883530616760254
550;16.671112393;16.671069015;0.6199672222137451
551;16.671112393;16.6709797774;0.6339800357818604
552;16.671112393;16.6710965536;0.7322967052459717
553;16.671112393;16.6709329051;0.6566352844238281
554;16.671112393;16.6711189614;0.6900618076324463
555;16.671112393;16.6708807059;0.6604716777801514
556;16.671112393;16.6711362585;0.6181082725524902
557;16.671112393;16.6708232052;0.6754567623138428
558;16.671112393;16.6711484651;0.6738672256469727
559;16.671112393;16.6707604287;0.704599142074585
560;16.671112393;16.6711556019;0.7729408740997314
561;16.671112393;16.6706924019;0.718069314956665
562;16.671112393;16.6711576893;0.713066816329956
563;16.671112393;16.6707466749;0.698636531829834
564;16.671112393;16.6711547483;0.764073371887207
565;16.671112393;16.6708064197;0.7310001850128174
566;16.671112393;16.6711467996;0.6512253284454346
567;16.671112393;16.6708613859;0.6515488624572754
568;16.671112393;16.6711338643;0.7465777397155762
569;16.671112393;16.6709115899;0.7716186046600342
570;16.671112393;16.6711159637;0.6435089111328125
571;16.671112393;16.6709570481;0.7238955497741699
572;16.671112393;16.6710931189;0.6835343837738037
573;16.671112393;16.6709977772;0.6800837516784668
574;16.671112393;16.6710653514;0.7316381931304932
575;16.671112393;16.6710337939;0.7706031799316406
576;16.671112393;16.6710326827;0.711104154586792
577;16.671112393;16.6710651153;0.7270212173461914
578;16.671112393;16.6709951344;0.7082839012145996
579;16.671112393;16.6710917584;0.7135763168334961
580;16.671112393;16.6709527282;0.8040740489959717
581;16.671112393;16.6711137406;0.7730545997619629
582;16.671112393;16.6709054859;0.7380540370941162
583;16.671112393;16.6711310792;0.7926483154296875
584;16.671112393;16.6708534294;0.6980431079864502
585;16.671112393;16.6711437918;0.6710832118988037
586;16.671112393;16.6707965807;0.7055644989013672
587;16.671112393;16.6711518961;0.6865499019622803
588;16.671112393;16.6707349619;0.7525670528411865
589;16.671112393;16.6711554099;0.774583101272583
590;16.671112393;16.6707418673;0.8677115440368652
591;16.671112393;16.6711543511;0.7268524169921875
592;16.671112393;16.6707991755;0.7340288162231445
593;16.671112393;16.6711487377;0.8192493915557861
594;16.671112393;16.6708521334;0.7925407886505127
595;16.671112393;16.671138588;0.7885653972625732
596;16.671112393;16.6709007551;0.747173547744751
597;16.671112393;16.6711239202;0.6683614253997803
598;16.671112393;16.6709450549;0.7411108016967773
599;16.671112393;16.6711047526;0.7515671253204346
600;16.671112393;16.6709850471;0.7420909404754639
601;16.671112393;16.6710811038;0.723701000213623
602;16.671112393;16.6710207464;0.8897895812988281
603;16.671112393;16.6710529921;0.778784990310669
604;16.671112393;16.6710521674;0.7487025260925293
605;16.671112393;16.6710204364;0.7650673389434814
606;16.671112393;16.671079325;0.8091928958892822
607;16.671112393;16.6709834554;0.7296309471130371
608;16.671112393;16.6711022341;0.7661097049713135
609;16.671112393;16.6709420677;0.7990713119506836
610;16.671112393;16.6711209098;0.7385289669036865
611;16.671112393;16.6708962924;0.8321506977081299
612;16.671112393;16.6711353671;0.8110907077789307
613;16.671112393;16.6708461483;0.8388135433197021
614;16.671112393;16.6711456215;0.8082277774810791
615;16.671112393;16.6707916545;0.8285949230194092
616;16.671112393;16.6711516884;0.8386409282684326
617;16.671112393;16.6707328301;0.86271071434021
618;16.671112393;16.6711535831;0.8481903076171875
619;16.671112393;16.6707753415;0.8881347179412842
620;16.671112393;16.6711513214;0.779059648513794
621;16.671112393;16.6708276409;0.8656458854675293
622;16.671112393;16.6711449189;0.8191277980804443
623;16.671112393;16.6708759797;0.8036026954650879
624;16.671112393;16.6711343914;0.7961404323577881
625;16.671112393;16.6709203702;0.8606846332550049
626;16.671112393;16.6711197548;0.849708080291748
627;16.671112393;16.670960825;0.8837134838104248
628;16.671112393;16.671101025;0.8437795639038086
629;16.671112393;16.6709973566;0.8140561580657959
630;16.671112393;16.671078218;0.8040761947631836
631;16.671112393;16.6710299778;0.8787729740142822
632;16.671112393;16.67105135;0.8291974067687988
633;16.671112393;16.6710587014;0.8502562046051025
634;16.671112393;16.6710204372;0.936373233795166
635;16.671112393;16.6710835404;0.8215024471282959
636;16.671112393;16.6709854958;0.8799715042114258
637;16.671112393;16.6711045078;0.8877654075622559
638;16.671112393;16.6709465421;0.8686468601226807
639;16.671112393;16.6711216167;0.9061691761016846
640;16.671112393;16.6709035925;0.8907687664031982
641;16.671112393;16.6711348803;0.8940155506134033
642;16.671112393;16.6708566634;0.903648853302002
643;16.671112393;16.6711443121;0.8646314144134521
644;16.671112393;16.6708057714;0.8397305011749268
645;16.671112393;16.6711499254;0.8493318557739258
646;16.671112393;16.670750933;0.9141538143157959
647;16.671112393;16.6711517337;0.8816332817077637
648;16.671112393;16.6707884068;0.9939286708831787
649;16.671112393;16.6711497506;0.9562177658081055
650;16.671112393;16.6708374456;0.9793407917022705
651;16.671112393;16.6711439898;0.9252753257751465
652;16.671112393;16.6708828672;0.9527013301849365
653;16.671112393;16.671134465;0.9962809085845947
654;16.671112393;16.6709246823;0.9493720531463623
655;16.671112393;16.67112119;0.9088215827941895
656;16.671112393;16.6709629018;0.8626468181610107
657;16.671112393;16.6711041787;0.967254638671875
658;16.671112393;16.6709975369;0.8952908515930176
659;16.671112393;16.6710834451;0.8591310977935791
660;16.671112393;16.6710285986;0.8577873706817627
661;16.671112393;16.6710590031;0.8516418933868408
662;16.671112393;16.6710560981;0.8522777557373047
663;16.671112393;16.6710308669;0.941913366317749
664;16.671112393;16.6710800468;0.9344482421875
665;16.671112393;16.6709990505;0.8788862228393555
666;16.671112393;16.671100456;0.9512081146240234
667;16.671112393;16.6709635683;1.0288043022155762
668;16.671112393;16.6711173372;0.9256646633148193
669;16.671112393;16.6709244343;1.009253978729248
670;16.671112393;16.671130702;0.8849649429321289
671;16.671112393;16.6708816629;0.9860382080078125
672;16.671112393;16.6711405619;0.9737739562988281
673;16.671112393;16.6708352685;0.9414458274841309
674;16.671112393;16.6711469287;1.1402459144592285
675;16.671112393;16.6707852654;1.024122714996338
676;16.671112393;16.6711498142;0.9891588687896729
677;16.671112393;16.6707846281;0.9569289684295654
678;16.671112393;16.6711492302;0.9130263328552246
679;16.671112393;16.6708317783;0.8995809555053711
680;16.671112393;16.6711451886;0.8878393173217773
681;16.671112393;16.6708756149;0.9450006484985352
682;16.671112393;16.6711377014;0.9301586151123047
683;16.671112393;16.6709161476;0.8922162055969238
684;16.671112393;16.6711267807;1.0081450939178467
685;16.671112393;16.6709533858;0.872490406036377
686;16.671112393;16.6711124385;0.8829915523529053
687;16.671112393;16.6709873392;0.9962389469146729
688;16.671112393;16.6710946869;0.9482355117797852
689;16.671112393;16.6710180175;0.9911162853240967
690;16.671112393;16.6710735383;0.937924861907959
691;16.671112393;16.6710454306;0.9342138767242432
692;16.671112393;16.6710490049;0.9360437393188477
693;16.671112393;16.6710695882;0.930283784866333
694;16.671112393;16.6710210989;0.9174582958221436
695;16.671112393;16.6710905004;0.9116597175598145
696;16.671112393;16.6709898328;0.9631485939025879
697;16.671112393;16.6711081772;0.986093282699585
698;16.671112393;16.6709552189;0.8994228839874268
699;16.671112393;16.6711226287;0.917194128036499
700;16.671112393;16.6709172697;0.9652056694030762
701;16.671112393;16.6711338649;0.9078507423400879
702;16.671112393;16.6708759977;0.9900062084197998
703;16.671112393;16.6711418963;0.9103121757507324
704;16.671112393;16.6708314154;0.9872784614562988
705;16.671112393;16.6711467329;1.0481183528900146
706;16.671112393;16.6707835355;0.9738063812255859
707;16.671112393;16.6711483852;1.0046980381011963
708;16.671112393;16.6708123194;0.9628238677978516
709;16.671112393;16.6711468636;0.9776074886322021
710;16.671112393;16.6708556094;1.0214824676513672
711;16.671112393;16.6711421786;1.0256175994873047
712;16.671112393;16.6708958643;0.9597103595733643
713;16.671112393;16.6711343405;0.9708695411682129
714;16.671112393;16.6709330922;1.0050048828125
715;16.671112393;16.6711233601;0.9595928192138672
716;16.671112393;16.6709673017;1.003136396408081
717;16.671112393;16.6711092478;1.086902379989624
718;16.671112393;16.6709985012;0.9512443542480469
719;16.671112393;16.6710920145;0.9766395092010498
720;16.671112393;16.6710266994;1.0234286785125732
721;16.671112393;16.6710716706;1.1168668270111084
722;16.671112393;16.6710519048;1.0355126857757568
723;16.671112393;16.6710482271;1.047654390335083
724;16.671112393;16.6710741262;1.086601734161377
725;16.671112393;16.6710216947;1.0709426403045654
726;16.671112393;16.6710933724;1.0009405612945557
727;16.671112393;16.6709920843;1.050755500793457
728;16.671112393;16.6711096521;1.012223482131958
729;16.671112393;16.6709594066;1.1407973766326904
730;16.671112393;16.6711229743;1.1399157047271729
731;16.671112393;16.6709236726;1.0678253173828125
732;16.671112393;16.6711333479;0.9880049228668213
733;16.671112393;16.6708848933;0.9906876087188721
734;16.671112393;16.6711407818;1.0799059867858887
735;16.671112393;16.6708430796;1.0634005069732666
736;16.671112393;16.6711452851;1.090360403060913
737;16.671112393;16.6707982426;1.0561623573303223
738;16.671112393;16.671146867;1.1567649841308594
739;16.671112393;16.6708232764;1.085756540298462
740;16.671112393;16.6711455364;1.1027462482452393
741;16.671112393;16.6708640281;1.1133787631988525
742;16.671112393;16.6711413027;1.1607980728149414
743;16.671112393;16.6709019916;1.0473716259002686
744;16.671112393;16.6711341751;1.027045726776123
745;16.671112393;16.6709371744;1.1075143814086914
746;16.671112393;16.6711241627;1.1285936832427979
747;16.671112393;16.6709695839;1.080885410308838
748;16.671112393;16.671111275;1.1094369888305664
749;16.671112393;16.6709992275;1.1095249652862549
750;16.671112393;16.6710955213;1.1114146709442139
751;16.671112393;16.6710261129;1.146787166595459
752;16.671112393;16.671076911;1.08864426612854
753;16.671112393;16.6710502477;1.1069443225860596
754;16.671112393;16.6710554536;1.0957798957824707
755;16.671112393;16.6710716395;1.1423158645629883
756;16.671112393;16.6710311584;1.1590631008148193
757;16.671112393;16.6710902961;1.1187107563018799
758;16.671112393;16.671004035;1.206831455230713
759;16.671112393;16.6711062252;1.1331584453582764
760;16.671112393;16.670974093;1.2236378192901611
761;16.671112393;16.6711194347;1.114518642425537
762;16.671112393;16.6709413418;1.1067850589752197
763;16.671112393;16.6711299324;1.1556575298309326
764;16.671112393;16.6709057912;1.1617493629455566
765;16.671112393;16.6711377262;1.1524674892425537
766;16.671112393;16.6708674507;1.1796364784240723
767;16.671112393;16.6711428241;1.0923190116882324
768;16.671112393;16.67082633;1.1941733360290527
769;16.671112393;16.671145234;1.1492066383361816
770;16.671112393;16.670820258;1.107004165649414
771;16.671112393;16.6711449641;1.2419695854187012
772;16.671112393;16.6708595233;1.1851365566253662
773;16.671112393;16.6711420223;1.1352858543395996
774;16.671112393;16.6708962208;1.173598051071167
775;16.671112393;16.6711364169;1.1994192600250244
776;16.671112393;16.6709303569;1.1466574668884277
777;16.671112393;16.671128156;1.1811745166778564
778;16.671112393;16.6709619384;1.1881451606750488
779;16.671112393;16.6711172477;1.1382479667663574
780;16.671112393;16.6709909717;1.2126531600952148
781;16.671112393;16.6711037003;1.2907435894012451
782;16.671112393;16.6710174635;1.2710978984832764
783;16.671112393;16.671087522;1.2426025867462158
784;16.671112393;16.6710414207;1.1490001678466797
785;16.671112393;16.6710687212;1.2138457298278809
786;16.671112393;16.6710628498;1.2078425884246826
787;16.671112393;16.6710473061;1.245429277420044
788;16.671112393;16.6710817578;1.2464568614959717
789;16.671112393;16.6710232852;1.2095038890838623
790;16.671112393;16.6710981514;1.2455694675445557
791;16.671112393;16.6709966667;1.2544338703155518
792;16.671112393;16.6711120377;1.2583794593811035
793;16.671112393;16.6709674591;1.2408571243286133
794;16.671112393;16.6711234234;1.152099370956421
795;16.671112393;16.6709356709;1.1672568321228027
796;16.671112393;16.6711323156;1.1762802600860596
797;16.671112393;16.6709013105;1.2730927467346191
798;16.671112393;16.6711387212;1.2529730796813965
799;16.671112393;16.6708643864;1.28696870803833
800;16.671112393;16.6711426474;1.2380290031433105
801;16.671112393;16.6708249071;1.2677643299102783
802;16.671112393;16.6711441012;1.2381856441497803
803;16.671112393;16.6708434297;1.3366661071777344
804;16.671112393;16.6711430897;1.2926065921783447
805;16.671112393;16.6708796723;1.223299503326416
806;16.671112393;16.67113962;1.1807618141174316
807;16.671112393;16.6709135498;1.2542970180511475
808;16.671112393;16.6711336994;1.2643013000488281
809;16.671112393;16.6709450683;1.2511181831359863
810;16.671112393;16.671125335;1.3390533924102783
811;16.671112393;16.6709742335;1.2709100246429443
812;16.671112393;16.6711145341;1.2758755683898926
813;16.671112393;16.6710010513;1.2344582080841064
814;16.671112393;16.671101304;1.3424313068389893
815;16.671112393;16.6710255276;1.3556632995605469
816;16.671112393;16.6710856519;1.2207434177398682
817;16.671112393;16.6710476684;1.2693204879760742
818;16.671112393;16.6710675853;1.279426097869873
819;16.671112393;16.6710674797;1.259561538696289
820;16.671112393;16.6710471113;1.2609567642211914
821;16.671112393;16.6710849675;1.253495216369629
822;16.671112393;16.6710242375;1.3471288681030273
823;16.671112393;16.6711001379;1.2854275703430176
824;16.671112393;16.6709989712;1.3841273784637451
825;16.671112393;16.6711129971;1.299260139465332
826;16.671112393;16.6709713199;1.3789057731628418
827;16.671112393;16.6711235511;1.3606724739074707
828;16.671112393;16.670941291;1.3933074474334717
829;16.671112393;16.6711318061;1.3483078479766846
830;16.671112393;16.6709088919;1.4285790920257568
831;16.671112393;16.6711377684;1.3715205192565918
832;16.671112393;16.6708741303;1.2715468406677246
833;16.671112393;16.6711414442;1.3431198596954346
834;16.671112393;16.6708370135;1.3091657161712646
835;16.671112393;16.6711428397;1.377457618713379
836;16.671112393;16.6708527086;1.4374568462371826
837;16.671112393;16.6711419613;1.3728013038635254
838;16.671112393;16.6708869455;1.3529694080352783
839;16.671112393;16.6711388152;1.354308843612671
840;16.671112393;16.670918999;1.3895268440246582
841;16.671112393;16.6711334079;1.4505231380462646
842;16.671112393;16.6709488742;1.3786673545837402
843;16.671112393;16.6711257458;1.437326431274414
844;16.671112393;16.6709765764;1.3748652935028076
845;16.671112393;16.6711158351;1.3968451023101807
846;16.671112393;16.6710021107;1.4481158256530762
847;16.671112393;16.6711036825;1.395540714263916
848;16.671112393;16.6710254823;1.4261548519134521
849;16.671112393;16.6710892943;1.406470537185669
850;16.671112393;16.6710466968;1.4587514400482178
851;16.671112393;16.671072677;1.4239153861999512
852;16.671112393;16.6710657592;1.432298183441162
853;16.671112393;16.6710538371;1.4963085651397705
854;16.671112393;16.671082675;1.4236023426055908
855;16.671112393;16.6710327811;1.387298583984375
856;16.671112393;16.6710974496;1.425248622894287
857;16.671112393;16.6710095157;1.4446754455566406
858;16.671112393;16.6711100885;1.436805009841919
859;16.671112393;16.6709840473;1.3589601516723633
860;16.671112393;16.671120597;1.3950040340423584
861;16.671112393;16.6709563826;1.4987826347351074
862;16.671112393;16.6711289807;1.3828551769256592
863;16.671112393;16.6709265282;1.439009189605713
864;16.671112393;16.6711352449;1.4479115009307861
865;16.671112393;16.6708944906;1.482163906097412
866;16.671112393;16.6711393954;1.4390864372253418
867;16.671112393;16.6708602766;1.4807186126708984
868;16.671112393;16.6711414377;1.5076720714569092
869;16.671112393;16.6708502629;1.4912827014923096
870;16.671112393;16.6711413772;1.5122694969177246
871;16.671112393;16.6708833142;1.3950326442718506
872;16.671112393;16.6711392197;1.5191822052001953
873;16.671112393;16.6709143449;1.4263010025024414
874;16.671112393;16.6711349708;1.4318041801452637
875;16.671112393;16.6709433597;1.5028040409088135
876;16.671112393;16.6711286361;1.5975062847137451
877;16.671112393;16.6709703631;1.5310139656066895
878;16.671112393;16.6711202213;1.5705900192260742
879;16.671112393;16.6709953598;1.4711475372314453
880;16.671112393;16.6711097321;1.5104835033416748
881;16.671112393;16.6710183546;1.5075511932373047
882;16.671112393;16.6710971742;1.4886136054992676
883;16.671112393;16.671039352;1.4701178073883057
884;16.671112393;16.6710825535;1.479370355606079
885;16.671112393;16.6710583568;1.4929618835449219
886;16.671112393;16.6710658755;1.4641520977020264
887;16.671112393;16.6710753739;1.4515612125396729
888;16.671112393;16.6710471462;1.446251392364502
889;16.671112393;16.6710904079;1.4647414684295654
890;16.671112393;16.6710263714;1.464359998703003
891;16.671112393;16.6711034638;1.474928617477417
892;16.671112393;16.6710035568;1.4412243366241455
893;16.671112393;16.6711145463;1.4919886589050293
894;16.671112393;16.6709787082;1.7334041595458984
895;16.671112393;16.6711236602;1.6002764701843262
896;16.671112393;16.6709518316;1.6082801818847656
897;16.671112393;16.6711308106;1.5878043174743652
898;16.671112393;16.6709229328;1.6324236392974854
899;16.671112393;16.6711360023;1.6403007507324219
900;16.671112393;16.6708920177;1.5534100532531738
901;16.671112393;16.6711392401;1.515960931777954
902;16.671112393;16.6708590922;1.6339428424835205
903;16.671112393;16.6711405292;1.5889511108398438
904;16.671112393;16.6708698513;1.5455172061920166
905;16.671112393;16.6711398745;1.678894281387329
906;16.671112393;16.6709005017;1.6022610664367676
907;16.671112393;16.6711372809;1.5964021682739258
908;16.671112393;16.6709292823;1.608140468597412
909;16.671112393;16.6711327535;1.6702978610992432
910;16.671112393;16.6709561972;1.6552093029022217
911;16.671112393;16.6711262973;1.6359152793884277
912;16.671112393;16.6709812507;1.6859259605407715
913;16.671112393;16.6711179174;1.5938327312469482
914;16.671112393;16.6710044467;1.688429594039917
915;16.671112393;16.6711076189;1.6360912322998047
916;16.671112393;16.6710257896;1.6598117351531982
917;16.671112393;16.6710954068;1.6451270580291748
918;16.671112393;16.6710452834;1.6559326648712158
919;16.671112393;16.6710812863;1.6243751049041748
920;16.671112393;16.6710629325;1.686464786529541
921;16.671112393;16.6710652624;1.6822030544281006
922;16.671112393;16.6710787412;1.6231091022491455
923;16.671112393;16.6710473405;1.6304330825805664
924;16.671112393;16.6710927135;1.697242021560669
925;16.671112393;16.6710275255;1.6062731742858887
926;16.671112393;16.671104854;1.703610897064209
927;16.671112393;16.6710058227;1.600151538848877
928;16.671112393;16.6711151669;1.586824655532837
929;16.671112393;16.6709822373;1.7641146183013916
930;16.671112393;16.6711236565;1.6147637367248535
931;16.671112393;16.6709567744;1.6264116764068604
932;16.671112393;16.6711303272;1.6999521255493164
933;16.671112393;16.6709294393;1.6716535091400146
934;16.671112393;16.6711351834;1.6818525791168213
935;16.671112393;16.6709002373;1.6884784698486328
936;16.671112393;16.6711382294;1.6677067279815674
937;16.671112393;16.6708691736;1.6652517318725586
938;16.671112393;16.6711394698;1.6823747158050537
939;16.671112393;16.6708777782;1.6364619731903076
940;16.671112393;16.671138909;1.703662633895874
941;16.671112393;16.6709068229;1.7655847072601318
942;16.671112393;16.6711365513;1.7865028381347656
943;16.671112393;16.6709341336;1.7249691486358643
944;16.671112393;16.6711324013;1.6828317642211914
945;16.671112393;16.6709597139;1.6821532249450684
946;16.671112393;16.6711264635;1.7117640972137451
947;16.671112393;16.6709835676;1.8009226322174072
948;16.671112393;16.6711187424;1.7797319889068604
949;16.671112393;16.6710056982;1.7212822437286377
950;16.671112393;16.6711092425;1.78733229637146
951;16.671112393;16.6710261096;1.7261664867401123
952;16.671112393;16.6710979683;1.7494468688964844
953;16.671112393;16.6710448056;1.8018403053283691
954;16.671112393;16.6710849244;1.7311668395996094
955;16.671112393;16.6710617898;1.8086953163146973
956;16.671112393;16.6710701154;1.8154296875
957;16.671112393;16.6710770662;1.7542142868041992
958;16.671112393;16.6710535458;1.7835707664489746
959;16.671112393;16.6710906385;1.7731692790985107
960;16.671112393;16.6710352203;1.767761468887329
961;16.671112393;16.6711025106;1.7406644821166992
962;16.671112393;16.6710151435;1.869701623916626
963;16.671112393;16.6711126864;1.809682846069336
964;16.671112393;16.67099332;1.7661793231964111
965;16.671112393;16.6711211696;1.7753643989562988
966;16.671112393;16.6709697543;1.8209726810455322
967;16.671112393;16.6711279643;1.8118410110473633
968;16.671112393;16.6709444513;1.7749099731445312
969;16.671112393;16.6711330743;1.8485119342803955
970;16.671112393;16.6709174155;1.884472131729126
971;16.671112393;16.6711365035;1.7671608924865723
972;16.671112393;16.6708886516;1.7909095287322998
973;16.671112393;16.671138256;1.8619792461395264
974;16.671112393;16.6708757715;1.858595609664917
975;16.671112393;16.6711383356;1.8267769813537598
976;16.671112393;16.6709038589;1.92578125
977;16.671112393;16.6711367464;1.8667519092559814
978;16.671112393;16.6709303348;1.7915756702423096
979;16.671112393;16.6711334923;1.816899061203003
980;16.671112393;16.6709552024;1.783196210861206
981;16.671112393;16.6711285773;1.8934454917907715
982;16.671112393;16.6709784651;1.8927934169769287
983;16.671112393;16.6711220056;1.8363416194915771
984;16.671112393;16.6710001262;1.9488880634307861
985;16.671112393;16.671113781;1.9409267902374268
986;16.671112393;16.671020189;1.867842197418213
987;16.671112393;16.6711039077;1.9104690551757812
988;16.671112393;16.6710386569;1.896888017654419
989;16.671112393;16.6710923897;1.8949928283691406
990;16.671112393;16.6710555333;1.9334783554077148
991;16.671112393;16.6710792311;1.9272210597991943
992;16.671112393;16.6710708216;1.8949260711669922
993;16.671112393;16.671064436;1.9193203449249268
994;16.671112393;16.6710845252;1.9594416618347168
995;16.671112393;16.6710480085;1.909334659576416
996;16.671112393;16.6710966475;1.91798734664917
997;16.671112393;16.6710299527;1.837573528289795
998;16.671112393;16.671107192;1.9085845947265625
999;16.671112393;16.6710102727;1.9156944751739502
