Date;S&P
31/01/2000;1427.4690
29/02/2000;1386.8357
31/03/2000;1442.2135
28/04/2000;1460.0125
31/05/2000;1416.7174
30/06/2000;1461.9595
31/07/2000;1472.8376
31/08/2000;1485.4583
29/09/2000;1470.5643
31/10/2000;1390.1441
30/11/2000;1372.6423
29/12/2000;1329.7419
31/01/2001;1334.2087
28/02/2001;1305.5415
30/03/2001;1185.8514
30/04/2001;1189.5362
31/05/2001;1270.6974
29/06/2001;1238.7129
31/07/2001;1205.8132
31/08/2001;1178.5039
28/09/2001;1058.6705
31/10/2001;1076.5904
30/11/2001;1130.0173
31/12/2001;1144.9167
31/01/2002;1140.0009
28/02/2002;1100.8445
28/03/2002;1153.4862
30/04/2002;1112.0345
31/05/2002;1079.4648
28/06/2002;1014.0470
31/07/2002;905.7817
30/08/2002;912.5532
30/09/2002;870.1100
31/10/2002;854.6313
29/11/2002;911.3057
31/12/2002;898.8732
31/01/2003;895.3987
28/02/2003;837.4825
31/03/2003;846.6214
30/04/2003;890.1873
30/05/2003;935.8377
30/06/2003;987.9952
31/07/2003;992.2396
29/08/2003;989.5319
30/09/2003;1018.9223
31/10/2003;1038.7343
28/11/2003;1050.3280
31/12/2003;1081.2187
30/01/2004;1131.9136
27/02/2004;1143.4790
31/03/2004;1123.9796
30/04/2004;1133.3623
28/05/2004;1103.6338
30/06/2004;1132.9259
30/07/2004;1106.7345
31/08/2004;1088.9350
30/09/2004;1117.4732
29/10/2004;1118.0686
30/11/2004;1169.5195
30/12/2004;1199.6857
31/01/2005;1181.5562
28/02/2005;1199.7250
31/03/2005;1193.8770
29/04/2005;1164.4233
31/05/2005;1179.2077
30/06/2005;1202.2555
29/07/2005;1220.9133
31/08/2005;1224.2700
30/09/2005;1225.5564
31/10/2005;1191.9643
30/11/2005;1238.6523
30/12/2005;1262.3714
31/01/2006;1277.7455
28/02/2006;1277.1745
31/03/2006;1293.7417
28/04/2006;1301.5305
31/05/2006;1289.5722
30/06/2006;1253.1214
31/07/2006;1261.1895
31/08/2006;1287.1513
29/09/2006;1317.4819
31/10/2006;1363.3845
30/11/2006;1389.4255
29/12/2006;1416.1505
31/01/2007;1423.9370
28/02/2007;1445.3320
30/03/2007;1406.9523
30/04/2007;1462.7005
31/05/2007;1511.3365
29/06/2007;1514.4895
31/07/2007;1520.8941
31/08/2007;1454.6170
28/09/2007;1495.9600
31/10/2007;1539.6587
30/11/2007;1461.2664
31/12/2007;1480.0481
31/01/2008;1380.3300
29/02/2008;1354.6400
31/03/2008;1317.5410
30/04/2008;1370.4691
30/05/2008;1401.9773
30/06/2008;1341.2510
31/07/2008;1257.5687
29/08/2008;1281.4724
30/09/2008;1220.0005
31/10/2008;968.8009
28/11/2008;883.2725
31/12/2008;877.1526
30/01/2009;866.5855
27/02/2009;806.3080
31/03/2009;757.1268
30/04/2009;848.5359
29/05/2009;901.6748
30/06/2009;926.1150
31/07/2009;934.1083
31/08/2009;1009.7248
30/09/2009;1044.5524
30/10/2009;1067.6636
30/11/2009;1088.0690
31/12/2009;1110.3777
29/01/2010;1123.5816
26/02/2010;1089.1600
31/03/2010;1152.0478
30/04/2010;1186.6900
03/05/2010;1202.2600
04/05/2010;1173.6000
05/05/2010;1165.8700
06/05/2010;1128.1500
07/05/2010;1110.8800
10/05/2010;1159.7300
11/05/2010;1155.7900
12/05/2010;1171.6700
13/05/2010;1157.4400
14/05/2010;1135.6800
17/05/2010;1136.9400
18/05/2010;1120.8000
19/05/2010;1115.0500
20/05/2010;1071.5900
21/05/2010;1087.6900
24/05/2010;1073.6500
25/05/2010;1074.0300
26/05/2010;1067.9500
27/05/2010;1103.0600
28/05/2010;1089.4100
01/06/2010;1070.7100
02/06/2010;1098.3800
03/06/2010;1102.8300
04/06/2010;1064.8800
07/06/2010;1050.4700
08/06/2010;1062.0000
09/06/2010;1055.6900
10/06/2010;1086.8400
11/06/2010;1091.6000
14/06/2010;1089.6300
15/06/2010;1115.2300
16/06/2010;1114.6100
17/06/2010;1116.0400
18/06/2010;1117.5100
21/06/2010;1113.2000
22/06/2010;1095.3100
23/06/2010;1092.0400
24/06/2010;1073.6900
25/06/2010;1076.7600
28/06/2010;1074.5700
29/06/2010;1041.2400
30/06/2010;1030.7100
01/07/2010;1027.3700
02/07/2010;1022.5800
06/07/2010;1028.0600
07/07/2010;1060.2700
08/07/2010;1070.2500
09/07/2010;1077.9600
12/07/2010;1078.7500
13/07/2010;1095.3400
14/07/2010;1095.1700
15/07/2010;1096.4800
16/07/2010;1064.8800
19/07/2010;1071.2500
20/07/2010;1083.4800
21/07/2010;1069.5900
22/07/2010;1093.6700
23/07/2010;1102.6600
26/07/2010;1115.0100
27/07/2010;1113.8400
28/07/2010;1106.1300
29/07/2010;1101.5300
30/07/2010;1101.6000
02/08/2010;1125.8600
03/08/2010;1120.4600
04/08/2010;1127.2400
05/08/2010;1125.8100
06/08/2010;1121.6400
09/08/2010;1127.7900
10/08/2010;1121.0600
11/08/2010;1089.4700
12/08/2010;1083.6100
13/08/2010;1079.2500
16/08/2010;1079.3800
17/08/2010;1092.5400
18/08/2010;1094.1600
19/08/2010;1075.6300
20/08/2010;1071.6900
23/08/2010;1067.3600
24/08/2010;1051.8700
25/08/2010;1055.3300
26/08/2010;1047.2200
27/08/2010;1064.5900
30/08/2010;1048.9200
31/08/2010;1049.3300
01/09/2010;1080.2900
02/09/2010;1090.1000
03/09/2010;1104.5100
07/09/2010;1091.8400
08/09/2010;1098.8700
09/09/2010;1104.1800
10/09/2010;1109.5500
13/09/2010;1121.9000
14/09/2010;1121.1000
15/09/2010;1125.0700
16/09/2010;1124.6600
17/09/2010;1125.5900
20/09/2010;1142.7100
21/09/2010;1139.7800
22/09/2010;1134.2800
23/09/2010;1124.8300
24/09/2010;1148.6700
27/09/2010;1142.1600
28/09/2010;1147.7000
29/09/2010;1144.7300
30/09/2010;1141.2000
01/10/2010;1146.2400
04/10/2010;1137.0300
05/10/2010;1160.7500
06/10/2010;1159.9700
07/10/2010;1158.0600
08/10/2010;1165.1500
11/10/2010;1165.3200
12/10/2010;1169.7700
13/10/2010;1178.1000
14/10/2010;1173.8100
15/10/2010;1176.1900
18/10/2010;1184.7100
19/10/2010;1165.9000
20/10/2010;1178.1700
21/10/2010;1180.2600
22/10/2010;1183.0800
25/10/2010;1185.6200
26/10/2010;1185.6400
27/10/2010;1182.4500
28/10/2010;1183.7800
29/10/2010;1183.2600
01/11/2010;1184.3800
02/11/2010;1193.5700
03/11/2010;1197.9600
04/11/2010;1221.0600
05/11/2010;1225.8500
08/11/2010;1223.2500
09/11/2010;1213.4000
10/11/2010;1218.7100
11/11/2010;1213.5400
12/11/2010;1199.2100
15/11/2010;1197.7500
16/11/2010;1178.3400
17/11/2010;1178.5900
18/11/2010;1196.6900
19/11/2010;1199.7300
22/11/2010;1197.8400
23/11/2010;1180.7300
24/11/2010;1198.3500
26/11/2010;1189.4000
29/11/2010;1187.7600
30/11/2010;1180.5500
01/12/2010;1206.0700
02/12/2010;1221.5300
03/12/2010;1224.7100
06/12/2010;1223.1200
07/12/2010;1223.7500
08/12/2010;1228.2800
09/12/2010;1233.0000
10/12/2010;1240.4000
13/12/2010;1240.4600
14/12/2010;1241.5900
15/12/2010;1235.2300
16/12/2010;1242.8700
17/12/2010;1243.9100
20/12/2010;1247.0800
21/12/2010;1254.6000
22/12/2010;1258.8400
23/12/2010;1256.7700
27/12/2010;1257.5400
28/12/2010;1258.5100
29/12/2010;1259.7800
30/12/2010;1257.8800
31/12/2010;1257.6400
03/01/2011;1271.8700
04/01/2011;1270.2000
05/01/2011;1276.5600
06/01/2011;1273.8500
07/01/2011;1271.5000
10/01/2011;1269.7500
11/01/2011;1274.4800
12/01/2011;1285.9600
13/01/2011;1283.7600
14/01/2011;1293.2400
18/01/2011;1295.0200
19/01/2011;1281.9200
20/01/2011;1280.2600
21/01/2011;1283.3500
24/01/2011;1290.8400
25/01/2011;1291.1800
26/01/2011;1296.6300
27/01/2011;1299.5400
28/01/2011;1276.3400
31/01/2011;1286.1200
01/02/2011;1307.5900
02/02/2011;1304.0300
03/02/2011;1307.1000
04/02/2011;1310.8700
07/02/2011;1319.0500
08/02/2011;1324.5700
09/02/2011;1320.8800
10/02/2011;1321.8700
11/02/2011;1329.1500
14/02/2011;1332.3200
15/02/2011;1328.0100
16/02/2011;1336.3200
17/02/2011;1340.4300
18/02/2011;1343.0100
22/02/2011;1315.4400
23/02/2011;1307.4000
24/02/2011;1306.1000
25/02/2011;1319.8800
28/02/2011;1327.2200
01/03/2011;1306.3300
02/03/2011;1308.4400
03/03/2011;1330.9700
04/03/2011;1321.1500
07/03/2011;1310.1300
08/03/2011;1321.8200
09/03/2011;1320.0200
10/03/2011;1295.1100
11/03/2011;1304.2800
14/03/2011;1296.3900
15/03/2011;1281.8700
16/03/2011;1256.8800
17/03/2011;1273.7200
18/03/2011;1279.2100
21/03/2011;1298.3800
22/03/2011;1293.7700
23/03/2011;1297.5400
24/03/2011;1309.6600
25/03/2011;1313.8000
28/03/2011;1310.1900
29/03/2011;1319.4400
30/03/2011;1328.2600
31/03/2011;1325.8300
01/04/2011;1332.4100
04/04/2011;1332.8700
05/04/2011;1332.6300
06/04/2011;1335.5400
07/04/2011;1333.5100
08/04/2011;1328.1700
11/04/2011;1324.4600
12/04/2011;1314.1600
13/04/2011;1314.4100
14/04/2011;1314.5200
15/04/2011;1319.6800
18/04/2011;1305.1400
19/04/2011;1312.6200
20/04/2011;1330.3600
21/04/2011;1337.3800
25/04/2011;1335.2500
26/04/2011;1347.2400
27/04/2011;1355.6600
28/04/2011;1360.4800
29/04/2011;1363.6100
02/05/2011;1361.2200
03/05/2011;1356.6200
04/05/2011;1347.3200
05/05/2011;1335.1000
06/05/2011;1340.2000
09/05/2011;1346.2900
10/05/2011;1357.1600
11/05/2011;1342.0800
12/05/2011;1348.6500
13/05/2011;1337.7700
16/05/2011;1329.4700
17/05/2011;1328.9800
18/05/2011;1340.6800
19/05/2011;1343.6000
20/05/2011;1333.2700
23/05/2011;1317.3700
24/05/2011;1316.2800
25/05/2011;1320.4700
26/05/2011;1325.6900
27/05/2011;1331.1000
31/05/2011;1345.2000
01/06/2011;1314.5500
02/06/2011;1312.9400
03/06/2011;1300.1600
06/06/2011;1286.1700
07/06/2011;1284.9400
08/06/2011;1279.5600
09/06/2011;1289.0000
10/06/2011;1270.9800
13/06/2011;1271.8300
14/06/2011;1287.8700
15/06/2011;1265.4200
16/06/2011;1267.6400
17/06/2011;1271.5000
20/06/2011;1278.3600
21/06/2011;1295.5200
22/06/2011;1287.1400
23/06/2011;1283.5000
24/06/2011;1268.4500
27/06/2011;1280.1000
28/06/2011;1296.6700
29/06/2011;1307.4100
30/06/2011;1320.6400
01/07/2011;1339.6700
05/07/2011;1337.8800
06/07/2011;1339.2200
07/07/2011;1353.2200
08/07/2011;1343.8000
11/07/2011;1319.4900
12/07/2011;1313.6400
13/07/2011;1317.7200
14/07/2011;1308.8700
15/07/2011;1316.1400
18/07/2011;1305.4400
19/07/2011;1326.7300
20/07/2011;1325.8400
21/07/2011;1343.8000
22/07/2011;1345.0200
25/07/2011;1337.4300
26/07/2011;1331.9400
27/07/2011;1304.8900
28/07/2011;1300.6700
29/07/2011;1292.2800
01/08/2011;1286.9400
02/08/2011;1254.0500
03/08/2011;1260.3400
04/08/2011;1200.0700
05/08/2011;1199.3800
08/08/2011;1119.4600
09/08/2011;1172.5300
10/08/2011;1120.7600
11/08/2011;1172.6400
12/08/2011;1178.8100
15/08/2011;1204.4900
16/08/2011;1192.7600
17/08/2011;1193.8900
18/08/2011;1140.6500
19/08/2011;1123.5300
22/08/2011;1123.8200
23/08/2011;1162.3500
24/08/2011;1177.6000
25/08/2011;1159.2700
26/08/2011;1176.8000
29/08/2011;1210.0800
30/08/2011;1212.9200
31/08/2011;1218.8900
01/09/2011;1204.4200
02/09/2011;1173.9700
06/09/2011;1165.2400
07/09/2011;1198.6200
08/09/2011;1185.9000
09/09/2011;1154.2300
12/09/2011;1162.2700
13/09/2011;1172.8700
14/09/2011;1188.6800
15/09/2011;1209.1100
16/09/2011;1216.0100
19/09/2011;1204.0900
20/09/2011;1202.0900
21/09/2011;1166.7600
22/09/2011;1129.5600
23/09/2011;1136.4300
26/09/2011;1162.9500
27/09/2011;1175.3800
28/09/2011;1151.0600
29/09/2011;1160.4000
30/09/2011;1131.4200
03/10/2011;1099.2300
04/10/2011;1123.9500
05/10/2011;1144.0300
06/10/2011;1164.9700
07/10/2011;1155.4600
10/10/2011;1194.8900
11/10/2011;1195.5400
12/10/2011;1207.2500
13/10/2011;1203.6600
14/10/2011;1224.5800
17/10/2011;1200.8600
18/10/2011;1225.3800
19/10/2011;1209.8800
20/10/2011;1215.3900
21/10/2011;1238.2500
24/10/2011;1254.1900
25/10/2011;1229.0500
26/10/2011;1242.0000
27/10/2011;1284.5900
28/10/2011;1285.0900
31/10/2011;1253.3000
01/11/2011;1218.2800
02/11/2011;1237.9000
03/11/2011;1261.1500
04/11/2011;1253.2300
07/11/2011;1261.1200
08/11/2011;1275.9200
09/11/2011;1229.1000
10/11/2011;1239.7000
11/11/2011;1263.8500
14/11/2011;1251.7800
15/11/2011;1257.8100
16/11/2011;1236.9100
17/11/2011;1216.1300
18/11/2011;1215.6500
21/11/2011;1192.9800
22/11/2011;1188.0400
23/11/2011;1161.7900
25/11/2011;1158.6700
28/11/2011;1192.5500
29/11/2011;1195.1900
30/11/2011;1246.9600
01/12/2011;1244.5800
02/12/2011;1244.2800
05/12/2011;1257.0800
06/12/2011;1258.4700
07/12/2011;1261.0100
08/12/2011;1234.3500
09/12/2011;1255.1900
12/12/2011;1236.4700
13/12/2011;1225.7300
14/12/2011;1211.8200
15/12/2011;1215.7500
16/12/2011;1219.6600
19/12/2011;1205.3500
20/12/2011;1241.3000
21/12/2011;1243.7200
22/12/2011;1254.0000
23/12/2011;1265.3300
27/12/2011;1265.4300
28/12/2011;1249.6400
29/12/2011;1263.0200
30/12/2011;1257.6000
03/01/2012;1277.0600
04/01/2012;1277.3000
05/01/2012;1281.0600
06/01/2012;1277.8100
09/01/2012;1280.7000
10/01/2012;1292.0800
11/01/2012;1292.4800
12/01/2012;1295.5000
13/01/2012;1289.0900
17/01/2012;1293.6700
18/01/2012;1308.0400
19/01/2012;1314.5000
20/01/2012;1315.3800
23/01/2012;1316.0000
24/01/2012;1314.6500
25/01/2012;1326.0600
26/01/2012;1318.4300
27/01/2012;1316.3300
30/01/2012;1313.0100
31/01/2012;1312.4100
01/02/2012;1324.0900
02/02/2012;1325.5400
03/02/2012;1344.9000
06/02/2012;1344.3300
07/02/2012;1347.0500
08/02/2012;1349.9600
09/02/2012;1351.9500
10/02/2012;1342.6400
13/02/2012;1351.7700
14/02/2012;1350.5000
15/02/2012;1343.2300
16/02/2012;1358.0400
17/02/2012;1361.2300
21/02/2012;1362.2100
22/02/2012;1357.6600
23/02/2012;1363.4600
24/02/2012;1365.7400
27/02/2012;1367.5900
28/02/2012;1372.1800
29/02/2012;1365.6800
01/03/2012;1374.0900
02/03/2012;1369.6300
05/03/2012;1364.3300
06/03/2012;1343.3600
07/03/2012;1352.6300
08/03/2012;1365.9100
09/03/2012;1370.8700
12/03/2012;1371.0900
13/03/2012;1395.9500
14/03/2012;1394.2800
15/03/2012;1402.6000
16/03/2012;1404.1700
19/03/2012;1409.7500
20/03/2012;1405.5200
21/03/2012;1402.8900
22/03/2012;1392.7800
23/03/2012;1397.1100
26/03/2012;1416.5100
27/03/2012;1412.5200
28/03/2012;1405.5400
29/03/2012;1403.2800
30/03/2012;1408.4700
02/04/2012;1419.0400
03/04/2012;1413.3800
04/04/2012;1398.9600
05/04/2012;1398.0800
09/04/2012;1382.2000
10/04/2012;1358.5900
11/04/2012;1368.7100
12/04/2012;1387.5700
13/04/2012;1370.2600
16/04/2012;1369.5700
17/04/2012;1390.7800
18/04/2012;1385.1400
19/04/2012;1376.9200
20/04/2012;1378.5300
23/04/2012;1366.9400
24/04/2012;1371.9700
25/04/2012;1390.6900
26/04/2012;1399.9800
27/04/2012;1403.3600
30/04/2012;1397.9100
01/05/2012;1405.8200
02/05/2012;1402.3100
03/05/2012;1391.5700
04/05/2012;1369.1000
07/05/2012;1369.5800
08/05/2012;1363.7200
09/05/2012;1354.5800
10/05/2012;1357.9900
11/05/2012;1353.3900
14/05/2012;1338.3500
15/05/2012;1330.6600
16/05/2012;1324.8000
17/05/2012;1304.8600
18/05/2012;1295.2200
21/05/2012;1315.9900
22/05/2012;1316.6300
23/05/2012;1318.8600
24/05/2012;1320.6800
25/05/2012;1317.8200
29/05/2012;1332.4200
30/05/2012;1313.3200
31/05/2012;1310.3300
01/06/2012;1278.0400
04/06/2012;1278.1800
05/06/2012;1285.5000
06/06/2012;1315.1300
07/06/2012;1314.9900
08/06/2012;1325.6600
11/06/2012;1308.9300
12/06/2012;1324.1800
13/06/2012;1314.8800
14/06/2012;1329.1000
15/06/2012;1342.8400
18/06/2012;1344.7800
19/06/2012;1357.9800
20/06/2012;1355.6900
21/06/2012;1325.5100
22/06/2012;1335.0200
25/06/2012;1313.7200
26/06/2012;1319.9900
27/06/2012;1331.8500
28/06/2012;1329.0400
29/06/2012;1362.1600
02/07/2012;1365.5100
03/07/2012;1374.0200
05/07/2012;1367.5800
06/07/2012;1354.6800
09/07/2012;1352.4600
10/07/2012;1341.4700
11/07/2012;1341.4500
12/07/2012;1334.7600
13/07/2012;1356.7800
16/07/2012;1353.6400
17/07/2012;1363.6700
18/07/2012;1372.7800
19/07/2012;1376.5100
20/07/2012;1362.6600
23/07/2012;1350.5200
24/07/2012;1338.3100
25/07/2012;1337.8900
26/07/2012;1360.0200
27/07/2012;1385.9700
30/07/2012;1385.3000
31/07/2012;1379.3200
01/08/2012;1375.3200
02/08/2012;1365.0000
03/08/2012;1390.9900
06/08/2012;1394.2300
07/08/2012;1401.3500
08/08/2012;1402.2200
09/08/2012;1402.8000
10/08/2012;1405.8700
13/08/2012;1404.1100
14/08/2012;1403.9300
15/08/2012;1405.5300
16/08/2012;1415.5100
17/08/2012;1418.1600
20/08/2012;1418.1300
21/08/2012;1413.1700
22/08/2012;1413.4900
23/08/2012;1402.0800
24/08/2012;1411.1300
27/08/2012;1410.4400
28/08/2012;1409.3000
29/08/2012;1410.4900
30/08/2012;1399.4800
31/08/2012;1406.5800
04/09/2012;1404.9400
05/09/2012;1403.4400
06/09/2012;1432.1200
07/09/2012;1437.9200
10/09/2012;1429.0800
11/09/2012;1433.5600
12/09/2012;1436.5600
13/09/2012;1459.9900
14/09/2012;1465.7700
17/09/2012;1461.1900
18/09/2012;1459.3200
19/09/2012;1461.0500
20/09/2012;1460.2600
21/09/2012;1460.1500
24/09/2012;1456.8900
25/09/2012;1441.5900
26/09/2012;1433.3200
27/09/2012;1447.1500
28/09/2012;1440.6700
01/10/2012;1444.4900
02/10/2012;1445.7500
03/10/2012;1450.9900
04/10/2012;1461.4000
05/10/2012;1460.9300
08/10/2012;1455.8800
09/10/2012;1441.4800
10/10/2012;1432.5600
11/10/2012;1432.8400
12/10/2012;1428.5900
15/10/2012;1440.1300
16/10/2012;1454.9200
17/10/2012;1460.9100
18/10/2012;1457.3400
19/10/2012;1433.1900
22/10/2012;1433.8200
23/10/2012;1413.1100
24/10/2012;1408.7500
25/10/2012;1412.9700
26/10/2012;1411.9400
29/10/2012;1411.9400
30/10/2012;1411.9400
31/10/2012;1412.1600
01/11/2012;1427.5900
02/11/2012;1414.2000
05/11/2012;1417.2600
06/11/2012;1428.3900
07/11/2012;1394.5300
08/11/2012;1377.5100
09/11/2012;1379.8500
12/11/2012;1380.0300
13/11/2012;1374.5300
14/11/2012;1355.4900
15/11/2012;1353.3300
16/11/2012;1359.8800
19/11/2012;1386.8900
20/11/2012;1387.8100
21/11/2012;1391.0300
23/11/2012;1409.1500
26/11/2012;1406.2900
27/11/2012;1398.9400
28/11/2012;1409.9300
29/11/2012;1415.9500
30/11/2012;1416.1800
03/12/2012;1409.4600
04/12/2012;1407.0500
05/12/2012;1409.2800
06/12/2012;1413.9400
07/12/2012;1418.0700
10/12/2012;1418.5500
11/12/2012;1427.8400
12/12/2012;1428.4800
13/12/2012;1419.4500
14/12/2012;1413.5800
17/12/2012;1430.3600
18/12/2012;1446.7900
19/12/2012;1435.8100
20/12/2012;1443.6900
21/12/2012;1430.1500
24/12/2012;1426.6600
26/12/2012;1419.8300
27/12/2012;1418.1000
28/12/2012;1402.4300
31/12/2012;1426.1900
02/01/2013;1462.4200
03/01/2013;1459.3700
04/01/2013;1466.4700
07/01/2013;1461.8900
08/01/2013;1457.1500
09/01/2013;1461.0200
10/01/2013;1472.1200
11/01/2013;1472.0500
14/01/2013;1470.6800
15/01/2013;1472.3400
16/01/2013;1472.6300
17/01/2013;1480.9400
18/01/2013;1485.9800
22/01/2013;1492.5600
23/01/2013;1494.8100
24/01/2013;1494.8200
25/01/2013;1502.9600
28/01/2013;1500.1800
29/01/2013;1507.8400
30/01/2013;1501.9600
31/01/2013;1498.1100
01/02/2013;1513.1700
04/02/2013;1495.7100
05/02/2013;1511.2900
06/02/2013;1512.1200
07/02/2013;1509.3900
08/02/2013;1517.9300
11/02/2013;1517.0100
12/02/2013;1519.4300
13/02/2013;1520.3300
14/02/2013;1521.3800
15/02/2013;1519.7900
19/02/2013;1530.9400
20/02/2013;1511.9500
21/02/2013;1502.4200
22/02/2013;1515.6000
25/02/2013;1487.8500
26/02/2013;1496.9400
27/02/2013;1515.9900
28/02/2013;1514.6800
01/03/2013;1518.2000
04/03/2013;1525.2000
05/03/2013;1539.7900
06/03/2013;1541.4600
07/03/2013;1544.2600
08/03/2013;1551.1800
11/03/2013;1556.2200
12/03/2013;1552.4800
13/03/2013;1554.5200
14/03/2013;1563.2300
15/03/2013;1560.7000
18/03/2013;1552.1000
19/03/2013;1548.3400
20/03/2013;1558.7100
21/03/2013;1545.8000
22/03/2013;1556.8900
25/03/2013;1551.6900
26/03/2013;1563.7700
27/03/2013;1562.8500
28/03/2013;1569.1900
01/04/2013;1562.1700
02/04/2013;1570.2500
03/04/2013;1553.6900
04/04/2013;1559.9800
05/04/2013;1553.2800
08/04/2013;1563.0700
09/04/2013;1568.6100
10/04/2013;1587.7300
11/04/2013;1593.3700
12/04/2013;1588.8500
15/04/2013;1552.3600
16/04/2013;1574.5700
17/04/2013;1552.0100
18/04/2013;1541.6100
19/04/2013;1555.2500
22/04/2013;1562.5000
23/04/2013;1578.7800
24/04/2013;1578.7900
25/04/2013;1585.1600
26/04/2013;1582.2400
29/04/2013;1593.6100
30/04/2013;1597.5700
01/05/2013;1582.7000
02/05/2013;1597.5900
03/05/2013;1614.4200
06/05/2013;1617.5000
07/05/2013;1625.9600
08/05/2013;1632.6900
09/05/2013;1626.6700
10/05/2013;1633.7000
13/05/2013;1633.7700
14/05/2013;1650.3400
15/05/2013;1658.7800
16/05/2013;1650.4700
17/05/2013;1667.4700
20/05/2013;1666.2900
21/05/2013;1669.1600
22/05/2013;1655.3500
23/05/2013;1650.5100
24/05/2013;1649.6000
28/05/2013;1660.0600
29/05/2013;1648.3600
30/05/2013;1654.4100
31/05/2013;1630.7400
03/06/2013;1640.4200
04/06/2013;1631.3800
05/06/2013;1608.9000
06/06/2013;1622.5600
07/06/2013;1643.3800
10/06/2013;1642.8100
11/06/2013;1626.1300
12/06/2013;1612.5200
13/06/2013;1636.3600
14/06/2013;1626.7300
17/06/2013;1639.0400
18/06/2013;1651.8100
19/06/2013;1628.9300
20/06/2013;1588.1900
21/06/2013;1592.4300
24/06/2013;1573.0900
25/06/2013;1588.0300
26/06/2013;1603.2600
27/06/2013;1613.2000
28/06/2013;1606.2800
01/07/2013;1614.9600
02/07/2013;1614.0800
03/07/2013;1615.4100
05/07/2013;1631.8900
08/07/2013;1640.4600
09/07/2013;1652.3200
10/07/2013;1652.6200
11/07/2013;1675.0200
12/07/2013;1680.1900
15/07/2013;1682.5000
16/07/2013;1676.2600
17/07/2013;1680.9100
18/07/2013;1689.3700
19/07/2013;1692.0900
22/07/2013;1695.5300
23/07/2013;1692.3900
24/07/2013;1685.9400
25/07/2013;1690.2500
26/07/2013;1691.6500
29/07/2013;1685.3300
30/07/2013;1685.9600
31/07/2013;1685.7300
01/08/2013;1706.8700
02/08/2013;1709.6700
05/08/2013;1707.1400
06/08/2013;1697.3700
07/08/2013;1690.9100
08/08/2013;1697.4800
09/08/2013;1691.4200
12/08/2013;1689.4700
13/08/2013;1694.1600
14/08/2013;1685.3900
15/08/2013;1661.3200
16/08/2013;1655.8300
19/08/2013;1646.0600
20/08/2013;1652.3500
21/08/2013;1642.8000
22/08/2013;1656.9600
23/08/2013;1663.5000
26/08/2013;1656.7800
27/08/2013;1630.4800
28/08/2013;1634.9600
29/08/2013;1638.1700
30/08/2013;1632.9700
03/09/2013;1639.7700
04/09/2013;1653.0800
05/09/2013;1655.0800
06/09/2013;1655.1700
09/09/2013;1671.7100
10/09/2013;1683.9900
11/09/2013;1689.1300
12/09/2013;1683.4200
13/09/2013;1687.9900
16/09/2013;1697.6000
17/09/2013;1704.7600
18/09/2013;1725.5200
19/09/2013;1722.3400
20/09/2013;1709.9100
23/09/2013;1701.8400
24/09/2013;1697.4200
25/09/2013;1692.7700
26/09/2013;1698.6700
27/09/2013;1691.7500
30/09/2013;1681.5500
01/10/2013;1695.0000
02/10/2013;1693.8700
03/10/2013;1678.6600
04/10/2013;1690.5000
07/10/2013;1676.1200
08/10/2013;1655.4500
09/10/2013;1656.4000
10/10/2013;1692.5600
11/10/2013;1703.2000
14/10/2013;1710.1400
15/10/2013;1698.0600
16/10/2013;1721.5400
17/10/2013;1733.1500
18/10/2013;1744.5000
21/10/2013;1744.6600
22/10/2013;1754.6700
23/10/2013;1746.3800
24/10/2013;1752.0700
25/10/2013;1759.7700
28/10/2013;1762.1100
29/10/2013;1771.9500
30/10/2013;1763.3100
31/10/2013;1756.5400
01/11/2013;1761.6400
04/11/2013;1767.9300
05/11/2013;1762.9700
06/11/2013;1770.4900
07/11/2013;1747.1500
08/11/2013;1770.6100
11/11/2013;1771.8900
12/11/2013;1767.6900
13/11/2013;1782.0000
14/11/2013;1790.6200
15/11/2013;1798.1800
18/11/2013;1791.5300
19/11/2013;1787.8700
20/11/2013;1781.3700
21/11/2013;1795.8500
22/11/2013;1804.7600
25/11/2013;1802.4800
26/11/2013;1802.7500
27/11/2013;1807.2300
29/11/2013;1805.8100
02/12/2013;1800.9000
03/12/2013;1795.1500
04/12/2013;1792.8100
05/12/2013;1785.0300
06/12/2013;1805.0900
09/12/2013;1808.3700
10/12/2013;1802.6200
11/12/2013;1782.2200
12/12/2013;1775.5000
13/12/2013;1775.3200
16/12/2013;1786.5400
17/12/2013;1781.0000
18/12/2013;1810.6500
19/12/2013;1809.6000
20/12/2013;1818.3200
23/12/2013;1827.9900
24/12/2013;1833.3200
26/12/2013;1842.0200
27/12/2013;1841.4000
30/12/2013;1841.0700
31/12/2013;1848.3600
02/01/2014;1831.9800
03/01/2014;1831.3700
06/01/2014;1826.7700
07/01/2014;1837.8800
08/01/2014;1837.4900
09/01/2014;1838.1300
10/01/2014;1842.3700
13/01/2014;1819.2000
14/01/2014;1838.8800
15/01/2014;1848.3800
16/01/2014;1845.8900
17/01/2014;1838.7000
21/01/2014;1843.8000
22/01/2014;1844.8600
23/01/2014;1828.4600
24/01/2014;1790.2900
27/01/2014;1781.5600
28/01/2014;1792.5000
29/01/2014;1774.2000
30/01/2014;1794.1900
31/01/2014;1782.5900
03/02/2014;1741.8900
04/02/2014;1755.2000
05/02/2014;1751.6400
06/02/2014;1773.4300
07/02/2014;1797.0200
10/02/2014;1799.8400
11/02/2014;1819.7500
12/02/2014;1819.2600
13/02/2014;1829.8300
14/02/2014;1838.6300
18/02/2014;1840.7600
19/02/2014;1828.7500
20/02/2014;1839.7800
21/02/2014;1836.2500
24/02/2014;1847.6100
25/02/2014;1845.1200
26/02/2014;1845.1600
27/02/2014;1854.2900
28/02/2014;1859.4500
03/03/2014;1845.7300
04/03/2014;1873.9100
05/03/2014;1873.8100
06/03/2014;1877.0300
07/03/2014;1878.0400
10/03/2014;1877.1700
11/03/2014;1867.6300
12/03/2014;1868.2000
13/03/2014;1846.3400
14/03/2014;1841.1300
17/03/2014;1858.8300
18/03/2014;1872.2500
19/03/2014;1860.7700
20/03/2014;1872.0100
21/03/2014;1866.5200
24/03/2014;1857.4400
25/03/2014;1865.6200
26/03/2014;1852.5600
27/03/2014;1849.0400
28/03/2014;1857.6200
31/03/2014;1872.3400
01/04/2014;1885.5200
02/04/2014;1890.9000
03/04/2014;1888.7700
04/04/2014;1865.0900
07/04/2014;1845.0400
08/04/2014;1851.9600
09/04/2014;1872.1800
10/04/2014;1833.0800
11/04/2014;1815.6900
14/04/2014;1830.6100
15/04/2014;1842.9800
16/04/2014;1862.3100
17/04/2014;1864.8500
21/04/2014;1871.8900
22/04/2014;1879.5500
23/04/2014;1875.3900
24/04/2014;1878.6100
25/04/2014;1863.4000
28/04/2014;1869.4300
29/04/2014;1878.3300
30/04/2014;1883.9500
01/05/2014;1883.6800
02/05/2014;1881.1400
05/05/2014;1884.6600
06/05/2014;1867.7200
07/05/2014;1878.2100
08/05/2014;1875.6300
09/05/2014;1878.4800
12/05/2014;1896.6500
13/05/2014;1897.4500
14/05/2014;1888.5300
15/05/2014;1870.8500
16/05/2014;1877.8600
19/05/2014;1885.0800
20/05/2014;1872.8300
21/05/2014;1888.0300
22/05/2014;1892.4900
23/05/2014;1900.5300
27/05/2014;1911.9100
28/05/2014;1909.7800
29/05/2014;1920.0300
30/05/2014;1923.5700
02/06/2014;1924.9700
03/06/2014;1924.2400
04/06/2014;1927.8800
05/06/2014;1940.4600
06/06/2014;1949.4400
09/06/2014;1951.2700
10/06/2014;1950.7900
11/06/2014;1943.8900
12/06/2014;1930.1100
13/06/2014;1936.1600
16/06/2014;1937.7800
17/06/2014;1941.9900
18/06/2014;1956.9800
19/06/2014;1959.4800
20/06/2014;1962.8700
23/06/2014;1962.6100
24/06/2014;1949.9800
25/06/2014;1959.5300
26/06/2014;1957.2200
27/06/2014;1960.9600
30/06/2014;1960.2300
01/07/2014;1973.3200
02/07/2014;1974.6200
03/07/2014;1985.4400
07/07/2014;1977.6500
08/07/2014;1963.7100
09/07/2014;1972.8300
10/07/2014;1964.6800
11/07/2014;1967.5700
14/07/2014;1977.1000
15/07/2014;1973.2800
16/07/2014;1981.5700
17/07/2014;1958.1200
18/07/2014;1978.2200
21/07/2014;1973.6300
22/07/2014;1983.5300
23/07/2014;1987.0100
24/07/2014;1987.9800
25/07/2014;1978.3400
28/07/2014;1978.9100
29/07/2014;1969.9500
30/07/2014;1970.0700
31/07/2014;1930.6700
01/08/2014;1925.1500
04/08/2014;1938.9900
05/08/2014;1920.2100
06/08/2014;1920.2400
07/08/2014;1909.5700
08/08/2014;1931.5900
11/08/2014;1936.9200
12/08/2014;1933.7500
13/08/2014;1946.7200
14/08/2014;1955.1800
15/08/2014;1955.0600
18/08/2014;1971.7400
19/08/2014;1981.6000
20/08/2014;1986.5100
21/08/2014;1992.3700
22/08/2014;1988.4000
25/08/2014;1997.9200
26/08/2014;2000.0200
27/08/2014;2000.1200
28/08/2014;1996.7400
29/08/2014;2003.3700
02/09/2014;2002.2800
03/09/2014;2000.7200
04/09/2014;1997.6500
05/09/2014;2007.7100
08/09/2014;2001.5400
09/09/2014;1988.4400
10/09/2014;1995.6900
11/09/2014;1997.4500
12/09/2014;1985.5400
15/09/2014;1984.1300
16/09/2014;1998.9800
17/09/2014;2001.5700
18/09/2014;2011.3600
19/09/2014;2010.4000
22/09/2014;1994.2900
23/09/2014;1982.7700
24/09/2014;1998.3000
25/09/2014;1965.9900
26/09/2014;1982.8500
29/09/2014;1977.8000
30/09/2014;1972.2900
01/10/2014;1946.1600
02/10/2014;1946.1700
03/10/2014;1967.9000
06/10/2014;1964.8200
07/10/2014;1935.1000
08/10/2014;1968.8900
09/10/2014;1928.2100
10/10/2014;1906.1300
13/10/2014;1874.7400
14/10/2014;1877.7000
15/10/2014;1862.4900
16/10/2014;1862.7600
17/10/2014;1886.7600
20/10/2014;1904.0100
21/10/2014;1941.2800
22/10/2014;1927.1100
23/10/2014;1950.8200
24/10/2014;1964.5800
27/10/2014;1961.6300
28/10/2014;1985.0500
29/10/2014;1982.3000
30/10/2014;1994.6500
31/10/2014;2018.0500
03/11/2014;2017.8100
04/11/2014;2012.1000
05/11/2014;2023.5700
06/11/2014;2031.2100
07/11/2014;2031.9200
10/11/2014;2038.2600
11/11/2014;2039.6800
12/11/2014;2038.2500
13/11/2014;2039.3300
14/11/2014;2039.8200
17/11/2014;2041.3200
18/11/2014;2051.8000
19/11/2014;2048.7200
20/11/2014;2052.7500
21/11/2014;2063.5000
24/11/2014;2069.4100
25/11/2014;2067.0300
26/11/2014;2072.8300
28/11/2014;2067.5600
01/12/2014;2053.4400
02/12/2014;2066.5500
03/12/2014;2074.3300
04/12/2014;2071.9200
05/12/2014;2075.3700
08/12/2014;2060.3100
09/12/2014;2059.8200
10/12/2014;2026.1400
11/12/2014;2035.3300
12/12/2014;2002.3300
15/12/2014;1989.6300
16/12/2014;1972.7400
17/12/2014;2012.8900
18/12/2014;2061.2300
19/12/2014;2070.6500
22/12/2014;2078.5400
23/12/2014;2082.1700
24/12/2014;2081.8800
26/12/2014;2088.7700
29/12/2014;2090.5700
30/12/2014;2080.3500
31/12/2014;2058.9000
02/01/2015;2058.2000
05/01/2015;2020.5800
06/01/2015;2002.6100
07/01/2015;2025.9000
08/01/2015;2062.1400
09/01/2015;2044.8100
12/01/2015;2028.2600
13/01/2015;2023.0300
14/01/2015;2011.2700
15/01/2015;1992.6700
16/01/2015;2019.4200
20/01/2015;2022.5500
21/01/2015;2032.1200
22/01/2015;2063.1500
23/01/2015;2051.8200
26/01/2015;2057.0900
27/01/2015;2029.5500
28/01/2015;2002.1600
29/01/2015;2021.2500
30/01/2015;1994.9900
02/02/2015;2020.8500
03/02/2015;2050.0300
04/02/2015;2041.5100
05/02/2015;2062.5200
06/02/2015;2055.4700
09/02/2015;2046.7400
10/02/2015;2068.5900
11/02/2015;2068.5300
12/02/2015;2088.4800
13/02/2015;2096.9900
17/02/2015;2100.3400
18/02/2015;2099.6800
19/02/2015;2097.4500
20/02/2015;2110.3000
23/02/2015;2109.6600
24/02/2015;2115.4800
25/02/2015;2113.8600
26/02/2015;2110.7400
27/02/2015;2104.5000
02/03/2015;2117.3900
03/03/2015;2107.7800
04/03/2015;2098.5300
05/03/2015;2101.0400
06/03/2015;2071.2600
09/03/2015;2079.4300
10/03/2015;2044.1600
11/03/2015;2040.2400
12/03/2015;2065.9500
13/03/2015;2053.4000
16/03/2015;2081.1900
17/03/2015;2074.2800
18/03/2015;2099.5000
19/03/2015;2089.2700
20/03/2015;2108.1000
23/03/2015;2104.4200
24/03/2015;2091.5000
25/03/2015;2061.0500
26/03/2015;2056.1500
27/03/2015;2061.0200
30/03/2015;2086.2400
31/03/2015;2067.8900
01/04/2015;2059.6900
02/04/2015;2066.9600
06/04/2015;2080.6200
07/04/2015;2076.3300
08/04/2015;2081.9000
09/04/2015;2091.1800
10/04/2015;2102.0600
13/04/2015;2092.4300
14/04/2015;2095.8400
15/04/2015;2106.6300
16/04/2015;2104.9900
17/04/2015;2081.1800
20/04/2015;2100.4000
21/04/2015;2097.2900
22/04/2015;2107.9600
23/04/2015;2112.9300
24/04/2015;2117.6900
27/04/2015;2108.9200
28/04/2015;2114.7600
29/04/2015;2106.8500
30/04/2015;2085.5100
01/05/2015;2108.2900
04/05/2015;2114.4900
05/05/2015;2089.4600
06/05/2015;2080.1500
07/05/2015;2088.0000
08/05/2015;2116.1000
11/05/2015;2105.3300
12/05/2015;2099.1200
13/05/2015;2098.4800
14/05/2015;2121.1000
15/05/2015;2122.7300
18/05/2015;2129.2000
19/05/2015;2127.8300
20/05/2015;2125.8500
21/05/2015;2130.8200
22/05/2015;2126.0600
26/05/2015;2104.2000
27/05/2015;2123.4800
28/05/2015;2120.7900
29/05/2015;2107.3900
01/06/2015;2111.7300
02/06/2015;2109.6000
03/06/2015;2114.0700
04/06/2015;2095.8400
05/06/2015;2092.8300
08/06/2015;2079.2800
09/06/2015;2080.1500
10/06/2015;2105.2000
11/06/2015;2108.8600
12/06/2015;2094.1100
15/06/2015;2084.4300
16/06/2015;2096.2900
17/06/2015;2100.4400
18/06/2015;2121.2400
19/06/2015;2109.9900
22/06/2015;2122.8500
23/06/2015;2124.2000
24/06/2015;2108.5800
25/06/2015;2102.3100
26/06/2015;2101.4900
29/06/2015;2057.6400
30/06/2015;2063.1100
01/07/2015;2077.4200
02/07/2015;2076.7800
06/07/2015;2068.7600
07/07/2015;2081.3400
08/07/2015;2046.6800
09/07/2015;2051.3100
10/07/2015;2076.6200
13/07/2015;2099.6000
14/07/2015;2108.9500
15/07/2015;2107.4000
16/07/2015;2124.2900
17/07/2015;2126.6400
20/07/2015;2128.2800
21/07/2015;2119.2100
22/07/2015;2114.1500
23/07/2015;2102.1500
24/07/2015;2079.6500
27/07/2015;2067.6400
28/07/2015;2093.2500
29/07/2015;2108.5700
30/07/2015;2108.6300
31/07/2015;2103.8400
03/08/2015;2098.0400
04/08/2015;2093.3200
05/08/2015;2099.8400
06/08/2015;2083.5600
07/08/2015;2077.5700
10/08/2015;2104.1800
11/08/2015;2084.0700
12/08/2015;2086.0500
13/08/2015;2083.3900
14/08/2015;2091.5400
17/08/2015;2102.4400
18/08/2015;2096.9200
19/08/2015;2079.6100
20/08/2015;2035.7300
21/08/2015;1970.8900
24/08/2015;1893.2100
25/08/2015;1867.6100
26/08/2015;1940.5100
27/08/2015;1987.6600
28/08/2015;1988.8700
31/08/2015;1972.1800
01/09/2015;1913.8500
02/09/2015;1948.8600
03/09/2015;1951.1300
04/09/2015;1921.2200
08/09/2015;1969.4100
09/09/2015;1942.0400
10/09/2015;1952.2900
11/09/2015;1961.0500
14/09/2015;1953.0300
15/09/2015;1978.0900
16/09/2015;1995.3100
17/09/2015;1990.2000
18/09/2015;1958.0300
21/09/2015;1966.9700
22/09/2015;1942.7400
23/09/2015;1938.7600
24/09/2015;1932.2400
25/09/2015;1931.3400
28/09/2015;1881.7700
29/09/2015;1884.0900
30/09/2015;1920.0300
01/10/2015;1923.8200
02/10/2015;1951.3600
05/10/2015;1987.0500
06/10/2015;1979.9200
07/10/2015;1995.8300
08/10/2015;2013.4300
09/10/2015;2014.8900
12/10/2015;2017.4600
13/10/2015;2003.6900
14/10/2015;1994.2400
15/10/2015;2023.8600
16/10/2015;2033.1100
19/10/2015;2033.6600
20/10/2015;2030.7700
21/10/2015;2018.9400
22/10/2015;2052.5100
23/10/2015;2075.1500
26/10/2015;2071.1800
27/10/2015;2065.8900
28/10/2015;2090.3500
29/10/2015;2089.4100
30/10/2015;2079.3600
02/11/2015;2104.0500
03/11/2015;2109.7900
04/11/2015;2102.3100
05/11/2015;2099.9300
06/11/2015;2099.2000
09/11/2015;2078.5800
10/11/2015;2081.7200
11/11/2015;2075.0000
12/11/2015;2045.9700
13/11/2015;2023.0400
16/11/2015;2053.1900
17/11/2015;2050.4400
18/11/2015;2083.5800
19/11/2015;2081.2400
20/11/2015;2089.1700
23/11/2015;2086.5900
24/11/2015;2089.1400
25/11/2015;2088.8700
27/11/2015;2090.1100
30/11/2015;2080.4100
01/12/2015;2102.6300
02/12/2015;2079.5100
03/12/2015;2049.6200
04/12/2015;2091.6900
07/12/2015;2077.0700
08/12/2015;2063.5900
09/12/2015;2047.6200
10/12/2015;2052.2300
11/12/2015;2012.3700
14/12/2015;2021.9400
15/12/2015;2043.4100
16/12/2015;2073.0700
17/12/2015;2041.8900
18/12/2015;2005.5500
21/12/2015;2021.1500
22/12/2015;2038.9700
23/12/2015;2064.2900
24/12/2015;2060.9900
28/12/2015;2056.5000
29/12/2015;2078.3600
30/12/2015;2063.3600
31/12/2015;2043.9400
04/01/2016;2012.6600
05/01/2016;2016.7100
06/01/2016;1990.2600
07/01/2016;1943.0900
08/01/2016;1922.0300
11/01/2016;1923.6700
12/01/2016;1938.6800
13/01/2016;1890.2800
14/01/2016;1921.8400
15/01/2016;1880.3300
19/01/2016;1881.3300
20/01/2016;1859.3300
21/01/2016;1868.9900
22/01/2016;1906.9000
25/01/2016;1877.0800
26/01/2016;1903.6300
27/01/2016;1882.9500
28/01/2016;1893.3600
29/01/2016;1940.2400
01/02/2016;1939.3800
02/02/2016;1903.0300
03/02/2016;1912.5300
04/02/2016;1915.4500
05/02/2016;1880.0500
08/02/2016;1853.4400
09/02/2016;1852.2100
10/02/2016;1851.8600
11/02/2016;1829.0800
12/02/2016;1864.7800
16/02/2016;1895.5800
17/02/2016;1926.8200
18/02/2016;1917.8300
19/02/2016;1917.7800
22/02/2016;1945.5000
23/02/2016;1921.2700
24/02/2016;1929.8000
25/02/2016;1951.7000
26/02/2016;1948.0500
29/02/2016;1932.2300
01/03/2016;1978.3500
02/03/2016;1986.4500
03/03/2016;1993.4000
04/03/2016;1999.9900
07/03/2016;2001.7600
08/03/2016;1979.2600
09/03/2016;1989.2600
10/03/2016;1989.5700
11/03/2016;2022.1900
14/03/2016;2019.6400
15/03/2016;2015.9300
16/03/2016;2027.2200
17/03/2016;2040.5900
18/03/2016;2049.5800
21/03/2016;2051.6000
22/03/2016;2049.8000
23/03/2016;2036.7100
24/03/2016;2035.9400
28/03/2016;2037.0500
29/03/2016;2055.0100
30/03/2016;2063.9500
31/03/2016;2059.7400
01/04/2016;2072.7800
04/04/2016;2066.1300
05/04/2016;2045.1700
06/04/2016;2066.6600
07/04/2016;2041.9100
08/04/2016;2047.6000
11/04/2016;2041.9900
12/04/2016;2061.7200
13/04/2016;2082.4200
14/04/2016;2082.7800
15/04/2016;2080.7300
18/04/2016;2094.3400
19/04/2016;2100.8000
20/04/2016;2102.4000
21/04/2016;2091.4800
22/04/2016;2091.5800
25/04/2016;2087.7900
26/04/2016;2091.7000
27/04/2016;2095.1500
28/04/2016;2075.8100
29/04/2016;2065.3000
02/05/2016;2081.4300
03/05/2016;2063.3700
04/05/2016;2051.1200
05/05/2016;2050.6300
06/05/2016;2057.1400
09/05/2016;2058.6900
10/05/2016;2084.3900
11/05/2016;2064.4600
12/05/2016;2064.1100
13/05/2016;2046.6100
16/05/2016;2066.6600
17/05/2016;2047.2100
18/05/2016;2047.6300
19/05/2016;2040.0400
20/05/2016;2052.3200
23/05/2016;2048.0400
24/05/2016;2076.0600
25/05/2016;2090.5400
26/05/2016;2090.1000
27/05/2016;2099.0600
31/05/2016;2096.9600
01/06/2016;2099.3300
02/06/2016;2105.2600
03/06/2016;2099.1300
06/06/2016;2109.4100
07/06/2016;2112.1300
08/06/2016;2119.1200
09/06/2016;2115.4800
10/06/2016;2096.0700
13/06/2016;2079.0600
14/06/2016;2075.3200
15/06/2016;2071.5000
16/06/2016;2077.9900
17/06/2016;2071.2200
20/06/2016;2083.2500
21/06/2016;2088.9000
22/06/2016;2085.4500
23/06/2016;2113.3200
24/06/2016;2037.4100
27/06/2016;2000.5400
28/06/2016;2036.0900
29/06/2016;2070.7700
30/06/2016;2098.8600
01/07/2016;2102.9500
05/07/2016;2088.5500
06/07/2016;2099.7300
07/07/2016;2097.9000
08/07/2016;2129.9000
11/07/2016;2137.1600
12/07/2016;2152.1400
13/07/2016;2152.4300
14/07/2016;2163.7500
15/07/2016;2161.7400
18/07/2016;2166.8900
19/07/2016;2163.7800
20/07/2016;2173.0200
21/07/2016;2165.1700
22/07/2016;2175.0300
25/07/2016;2168.4800
26/07/2016;2169.1800
27/07/2016;2166.5800
28/07/2016;2170.0600
29/07/2016;2173.6000
01/08/2016;2170.8400
02/08/2016;2157.0300
03/08/2016;2163.7900
04/08/2016;2164.2500
05/08/2016;2182.8700
08/08/2016;2180.8900
09/08/2016;2181.7400
10/08/2016;2175.4900
11/08/2016;2185.7900
12/08/2016;2184.0500
15/08/2016;2190.1500
16/08/2016;2178.1500
17/08/2016;2182.2200
18/08/2016;2187.0200
19/08/2016;2183.8700
22/08/2016;2182.6400
23/08/2016;2186.9000
24/08/2016;2175.4400
25/08/2016;2172.4700
26/08/2016;2169.0400
29/08/2016;2180.3800
30/08/2016;2176.1200
31/08/2016;2170.9500
01/09/2016;2170.8600
02/09/2016;2179.9800
06/09/2016;2186.4800
07/09/2016;2186.1600
08/09/2016;2181.3000
09/09/2016;2127.8100
12/09/2016;2159.0400
13/09/2016;2127.0200
14/09/2016;2125.7700
15/09/2016;2147.2600
16/09/2016;2139.1600
19/09/2016;2139.1200
20/09/2016;2139.7600
21/09/2016;2163.1200
22/09/2016;2177.1800
23/09/2016;2164.6900
26/09/2016;2146.1000
27/09/2016;2159.9300
28/09/2016;2171.3700
29/09/2016;2151.1300
30/09/2016;2168.2700
03/10/2016;2161.2000
04/10/2016;2150.4900
05/10/2016;2159.7300
06/10/2016;2160.7700
07/10/2016;2153.7400
10/10/2016;2163.6600
11/10/2016;2136.7300
12/10/2016;2139.1800
13/10/2016;2132.5500
14/10/2016;2132.9800
17/10/2016;2126.5000
18/10/2016;2139.6000
19/10/2016;2144.2900
20/10/2016;2141.3400
21/10/2016;2141.1600
24/10/2016;2151.3300
25/10/2016;2143.1600
26/10/2016;2139.4300
27/10/2016;2133.0400
28/10/2016;2126.4100
31/10/2016;2126.1500
01/11/2016;2111.7200
02/11/2016;2097.9400
03/11/2016;2088.6600
04/11/2016;2085.1800
07/11/2016;2131.5200
08/11/2016;2139.5600
09/11/2016;2163.2600
10/11/2016;2167.4800
11/11/2016;2164.4500
14/11/2016;2164.2000
15/11/2016;2180.3900
16/11/2016;2176.9400
17/11/2016;2187.1200
18/11/2016;2181.9000
21/11/2016;2198.1800
22/11/2016;2202.9400
23/11/2016;2204.7200
25/11/2016;2213.3500
28/11/2016;2201.7200
29/11/2016;2204.6600
30/11/2016;2198.8100
01/12/2016;2191.0800
02/12/2016;2191.9500
05/12/2016;2204.7100
06/12/2016;2212.2300
07/12/2016;2241.3500
08/12/2016;2246.1900
09/12/2016;2259.5300
12/12/2016;2256.9600
13/12/2016;2271.7200
14/12/2016;2253.2800
15/12/2016;2262.0300
16/12/2016;2258.0700
19/12/2016;2262.5300
20/12/2016;2270.7600
21/12/2016;2265.1800
22/12/2016;2260.9600
23/12/2016;2263.7900
27/12/2016;2268.8800
28/12/2016;2249.9200
29/12/2016;2249.2600
30/12/2016;2238.8300
03/01/2017;2257.8300
04/01/2017;2270.7500
05/01/2017;2269.0000
06/01/2017;2276.9800
09/01/2017;2268.9000
10/01/2017;2268.9000
11/01/2017;2275.3200
12/01/2017;2270.4400
13/01/2017;2274.6400
17/01/2017;2267.8900
18/01/2017;2271.8900
19/01/2017;2263.6900
20/01/2017;2271.3100
23/01/2017;2265.2000
24/01/2017;2280.0700
25/01/2017;2298.3700
26/01/2017;2296.6800
27/01/2017;2294.6900
30/01/2017;2280.9000
31/01/2017;2278.8700
01/02/2017;2279.5500
02/02/2017;2280.8500
03/02/2017;2297.4200
06/02/2017;2292.5600
07/02/2017;2293.0800
08/02/2017;2294.6700
09/02/2017;2307.8700
10/02/2017;2316.1000
13/02/2017;2328.2500
14/02/2017;2337.5800
15/02/2017;2349.2500
16/02/2017;2347.2200
17/02/2017;2351.1600
21/02/2017;2365.3800
22/02/2017;2362.8200
23/02/2017;2363.8100
24/02/2017;2367.3400
27/02/2017;2369.7500
28/02/2017;2363.6400
01/03/2017;2395.9600
02/03/2017;2381.9200
03/03/2017;2383.1200
06/03/2017;2375.3100
07/03/2017;2368.3900
08/03/2017;2362.9800
09/03/2017;2364.8700
10/03/2017;2372.6000
13/03/2017;2373.4700
14/03/2017;2365.4500
15/03/2017;2385.2600
16/03/2017;2381.3800
17/03/2017;2378.2500
20/03/2017;2373.4700
21/03/2017;2344.0200
22/03/2017;2348.4500
23/03/2017;2345.9600
24/03/2017;2343.9800
27/03/2017;2341.5900
28/03/2017;2358.5700
29/03/2017;2361.1300
30/03/2017;2368.0600
31/03/2017;2362.7200
03/04/2017;2358.8400
04/04/2017;2360.1600
05/04/2017;2352.9500
06/04/2017;2357.4900
07/04/2017;2355.5400
10/04/2017;2357.1600
11/04/2017;2353.7800
12/04/2017;2344.9300
13/04/2017;2328.9500
17/04/2017;2349.0100
18/04/2017;2342.1900
19/04/2017;2338.1700
20/04/2017;2355.8400
21/04/2017;2348.6900
24/04/2017;2374.1500
25/04/2017;2388.6100
26/04/2017;2387.4500
27/04/2017;2388.7700
28/04/2017;2384.2000
01/05/2017;2388.3300
02/05/2017;2391.1700
03/05/2017;2388.1300
04/05/2017;2389.5200
05/05/2017;2399.2900
08/05/2017;2399.3800
09/05/2017;2396.9200
10/05/2017;2399.6300
11/05/2017;2394.4400
12/05/2017;2390.9000
15/05/2017;2402.3200
16/05/2017;2400.6700
17/05/2017;2357.0300
18/05/2017;2365.7200
19/05/2017;2381.7300
22/05/2017;2394.0200
23/05/2017;2398.4200
24/05/2017;2404.3900
25/05/2017;2415.0700
26/05/2017;2415.8200
30/05/2017;2412.9100
31/05/2017;2411.8000
01/06/2017;2430.0600
02/06/2017;2439.0700
05/06/2017;2436.1000
06/06/2017;2429.3300
07/06/2017;2433.1400
08/06/2017;2433.7900
09/06/2017;2431.7700
12/06/2017;2429.3900
13/06/2017;2440.3500
14/06/2017;2437.9200
15/06/2017;2432.4600
16/06/2017;2433.1500
19/06/2017;2453.4600
20/06/2017;2437.0300
21/06/2017;2435.6100
22/06/2017;2434.5000
23/06/2017;2438.3000
26/06/2017;2439.0700
27/06/2017;2419.3800
28/06/2017;2440.6900
29/06/2017;2419.7000
30/06/2017;2423.4100
03/07/2017;2429.0100
05/07/2017;2432.5400
06/07/2017;2409.7500
07/07/2017;2425.1800
10/07/2017;2427.4300
11/07/2017;2425.5300
12/07/2017;2443.2500
13/07/2017;2447.8300
14/07/2017;2459.2700
17/07/2017;2459.1400
18/07/2017;2460.6100
19/07/2017;2473.8300
20/07/2017;2473.4500
21/07/2017;2472.5400
24/07/2017;2469.9100
25/07/2017;2477.1300
26/07/2017;2477.8300
27/07/2017;2475.4200
28/07/2017;2472.1000
31/07/2017;2470.3000
01/08/2017;2476.3500
02/08/2017;2477.5700
03/08/2017;2472.1600
04/08/2017;2476.8300
07/08/2017;2480.9100
08/08/2017;2474.9200
09/08/2017;2474.0200
10/08/2017;2438.2100
11/08/2017;2441.3200
14/08/2017;2465.8400
15/08/2017;2464.6100
16/08/2017;2468.1100
17/08/2017;2430.0100
18/08/2017;2425.5500
21/08/2017;2428.3700
22/08/2017;2452.5100
23/08/2017;2444.0400
24/08/2017;2438.9700
25/08/2017;2443.0500
28/08/2017;2444.2400
29/08/2017;2446.3000
30/08/2017;2457.5900
31/08/2017;2471.6500
01/09/2017;2476.5500
05/09/2017;2457.8500
06/09/2017;2465.5400
07/09/2017;2465.1000
08/09/2017;2461.4300
11/09/2017;2488.1100
12/09/2017;2496.4800
13/09/2017;2498.3700
14/09/2017;2495.6200
15/09/2017;2500.2300
18/09/2017;2503.8700
19/09/2017;2506.6500
20/09/2017;2508.2400
21/09/2017;2500.6000
22/09/2017;2502.2200
25/09/2017;2496.6600
26/09/2017;2496.8400
27/09/2017;2507.0400
28/09/2017;2510.0600
29/09/2017;2519.3600
02/10/2017;2529.1200
03/10/2017;2534.5800
04/10/2017;2537.7400
05/10/2017;2552.0700
06/10/2017;2549.3300
09/10/2017;2544.7300
10/10/2017;2550.6400
11/10/2017;2555.2400
12/10/2017;2550.9300
13/10/2017;2553.1700
16/10/2017;2557.6400
17/10/2017;2559.3600
18/10/2017;2561.2600
19/10/2017;2562.1000
20/10/2017;2575.2100
23/10/2017;2564.9800
24/10/2017;2569.1300
25/10/2017;2557.1500
26/10/2017;2560.4000
27/10/2017;2581.0700
30/10/2017;2572.8300
31/10/2017;2575.2600
01/11/2017;2579.3600
02/11/2017;2579.8500
03/11/2017;2587.8400
06/11/2017;2591.1300
07/11/2017;2590.6400
08/11/2017;2594.3800
09/11/2017;2584.6200
10/11/2017;2582.3000
13/11/2017;2584.8400
14/11/2017;2578.8700
15/11/2017;2564.6200
16/11/2017;2585.6400
17/11/2017;2578.8500
20/11/2017;2582.1400
21/11/2017;2599.0300
22/11/2017;2597.0800
24/11/2017;2602.4200
27/11/2017;2601.4200
28/11/2017;2627.0400
29/11/2017;2626.0700
30/11/2017;2647.5800
01/12/2017;2642.2200
04/12/2017;2639.4400
05/12/2017;2629.5700
06/12/2017;2629.2700
07/12/2017;2636.9800
08/12/2017;2651.5000
11/12/2017;2659.9900
12/12/2017;2664.1100
13/12/2017;2662.8500
14/12/2017;2652.0100
15/12/2017;2675.8100
18/12/2017;2690.1600
19/12/2017;2681.4700
20/12/2017;2679.2500
21/12/2017;2684.5700
22/12/2017;2683.3400
26/12/2017;2680.5000
27/12/2017;2682.6200
28/12/2017;2687.5400
29/12/2017;2673.6100
02/01/2018;2695.8100
03/01/2018;2713.0600
04/01/2018;2723.9900
05/01/2018;2743.1500
08/01/2018;2747.7100
09/01/2018;2751.2900
10/01/2018;2748.2300
11/01/2018;2767.5600
12/01/2018;2786.2400
16/01/2018;2776.4200
17/01/2018;2802.5600
18/01/2018;2798.0300
19/01/2018;2810.3000
22/01/2018;2832.9700
23/01/2018;2839.1300
24/01/2018;2837.5400
25/01/2018;2839.2500
26/01/2018;2872.8700
29/01/2018;2853.5300
30/01/2018;2822.4300
31/01/2018;2823.8100
01/02/2018;2821.9800
02/02/2018;2762.1300
05/02/2018;2648.9400
06/02/2018;2695.1400
07/02/2018;2681.6600
08/02/2018;2581.0000
09/02/2018;2619.5500
12/02/2018;2656.0000
13/02/2018;2662.9400
14/02/2018;2698.6300
15/02/2018;2731.2000
16/02/2018;2732.2200
20/02/2018;2716.2600
21/02/2018;2701.3300
22/02/2018;2703.9600
23/02/2018;2747.3000
26/02/2018;2779.6000
27/02/2018;2744.2800
28/02/2018;2713.8300
01/03/2018;2677.6700
02/03/2018;2691.2500
05/03/2018;2720.9400
06/03/2018;2728.1200
07/03/2018;2726.8000
08/03/2018;2738.9700
09/03/2018;2786.5700
12/03/2018;2783.0200
13/03/2018;2765.3100
14/03/2018;2749.4800
15/03/2018;2747.3300
16/03/2018;2752.0100
19/03/2018;2712.9200
20/03/2018;2716.9400
21/03/2018;2711.9300
22/03/2018;2643.6900
23/03/2018;2588.2600
26/03/2018;2658.5500
27/03/2018;2612.6200
28/03/2018;2605.0000
29/03/2018;2640.8700
02/04/2018;2581.8800
03/04/2018;2614.4500
04/04/2018;2644.6900
05/04/2018;2662.8400
06/04/2018;2604.4700
09/04/2018;2613.1600
10/04/2018;2656.8700
11/04/2018;2642.1900
12/04/2018;2663.9900
13/04/2018;2656.3000
16/04/2018;2677.8400
17/04/2018;2706.3900
18/04/2018;2708.6400
19/04/2018;2693.1300
20/04/2018;2670.1400
23/04/2018;2670.2900
24/04/2018;2634.5600
25/04/2018;2639.4000
26/04/2018;2666.9400
27/04/2018;2669.9100
30/04/2018;2648.0500
01/05/2018;2654.8000
02/05/2018;2635.6700
03/05/2018;2629.7300
04/05/2018;2663.4200
07/05/2018;2672.6300
08/05/2018;2671.9200
09/05/2018;2697.7900
10/05/2018;2723.0700
11/05/2018;2727.7200
14/05/2018;2730.1300
15/05/2018;2711.4500
16/05/2018;2722.4600
17/05/2018;2720.1300
18/05/2018;2712.9700
21/05/2018;2733.0100
22/05/2018;2724.4400
23/05/2018;2733.2900
24/05/2018;2727.7600
25/05/2018;2721.3300
29/05/2018;2689.8600
30/05/2018;2724.0100
31/05/2018;2705.2700
01/06/2018;2734.6200
04/06/2018;2746.8700
05/06/2018;2748.8000
06/06/2018;2772.3500
07/06/2018;2770.3700
08/06/2018;2779.0300
11/06/2018;2782.0000
12/06/2018;2786.8500
13/06/2018;2775.6300
14/06/2018;2782.4900
15/06/2018;2779.6600
18/06/2018;2773.7500
19/06/2018;2762.5900
20/06/2018;2767.3200
21/06/2018;2749.7600
22/06/2018;2754.8800
25/06/2018;2717.0700
26/06/2018;2723.0600
27/06/2018;2699.6300
28/06/2018;2716.3100
29/06/2018;2718.3700
02/07/2018;2726.7100
03/07/2018;2713.2200
05/07/2018;2736.6100
06/07/2018;2759.8200
09/07/2018;2784.1700
10/07/2018;2793.8400
11/07/2018;2774.0200
12/07/2018;2798.2900
13/07/2018;2801.3100
16/07/2018;2798.4300
17/07/2018;2809.5500
18/07/2018;2815.6200
19/07/2018;2804.4900
20/07/2018;2801.8300
23/07/2018;2806.9800
24/07/2018;2820.4000
25/07/2018;2846.0700
26/07/2018;2837.4400
27/07/2018;2818.8200
30/07/2018;2802.6000
31/07/2018;2816.2900
01/08/2018;2813.3600
02/08/2018;2827.2200
03/08/2018;2840.3500
06/08/2018;2850.4000
07/08/2018;2858.4500
08/08/2018;2857.7000
09/08/2018;2853.5800
10/08/2018;2833.2800
13/08/2018;2821.9300
14/08/2018;2839.9600
15/08/2018;2818.3700
16/08/2018;2840.6900
17/08/2018;2850.1300
20/08/2018;2857.0500
21/08/2018;2862.9600
22/08/2018;2861.8200
23/08/2018;2856.9800
24/08/2018;2874.6900
27/08/2018;2896.7400
28/08/2018;2897.5200
29/08/2018;2914.0400
30/08/2018;2901.1300
31/08/2018;2901.5200
04/09/2018;2896.7200
05/09/2018;2888.6000
06/09/2018;2878.0500
07/09/2018;2871.6800
10/09/2018;2877.1300
11/09/2018;2887.8900
12/09/2018;2888.9200
13/09/2018;2904.1800
14/09/2018;2904.9800
17/09/2018;2888.8000
18/09/2018;2904.3100
19/09/2018;2907.9500
20/09/2018;2930.7500
21/09/2018;2929.6700
24/09/2018;2919.3700
25/09/2018;2915.5600
26/09/2018;2905.9700
27/09/2018;2914.0000
28/09/2018;2913.9800
01/10/2018;2924.5900
02/10/2018;2923.4300
03/10/2018;2925.5100
04/10/2018;2901.6100
05/10/2018;2885.5700
08/10/2018;2884.4300
09/10/2018;2880.3400
10/10/2018;2785.6800
11/10/2018;2728.3700
12/10/2018;2767.1300
15/10/2018;2750.7900
16/10/2018;2809.9200
17/10/2018;2809.2100
18/10/2018;2768.7800
19/10/2018;2767.7800
22/10/2018;2755.8800
23/10/2018;2740.6900
24/10/2018;2656.1000
25/10/2018;2705.5700
26/10/2018;2658.6900
29/10/2018;2641.2500
30/10/2018;2682.6300
31/10/2018;2711.7400
01/11/2018;2740.3700
02/11/2018;2723.0600
05/11/2018;2738.3100
06/11/2018;2755.4500
07/11/2018;2813.8900
08/11/2018;2806.8300
09/11/2018;2781.0100
12/11/2018;2726.2200
13/11/2018;2722.1800
14/11/2018;2701.5800
15/11/2018;2730.2000
16/11/2018;2736.2700
19/11/2018;2690.7300
20/11/2018;2641.8900
21/11/2018;2649.9300
23/11/2018;2632.5600
26/11/2018;2673.4500
27/11/2018;2682.1700
28/11/2018;2743.7900
29/11/2018;2737.7600
30/11/2018;2760.1700
03/12/2018;2790.3700
04/12/2018;2700.0600
06/12/2018;2695.9500
07/12/2018;2633.0800
10/12/2018;2637.7200
11/12/2018;2636.7800
12/12/2018;2651.0700
13/12/2018;2650.5400
14/12/2018;2599.9500
17/12/2018;2545.9400
18/12/2018;2546.1600
19/12/2018;2506.9600
20/12/2018;2467.4200
21/12/2018;2416.6200
24/12/2018;2351.1000
26/12/2018;2467.7000
27/12/2018;2488.8300
28/12/2018;2485.7400
31/12/2018;2506.8500
02/01/2019;2510.0300
03/01/2019;2447.8900
04/01/2019;2531.9400
07/01/2019;2549.6900
08/01/2019;2574.4100
09/01/2019;2584.9600
10/01/2019;2596.6400
11/01/2019;2596.2600
14/01/2019;2582.6100
15/01/2019;2610.3000
16/01/2019;2616.1000
17/01/2019;2635.9600
18/01/2019;2670.7100
22/01/2019;2632.9000
23/01/2019;2638.7000
24/01/2019;2642.3300
25/01/2019;2664.7600
28/01/2019;2643.8500
29/01/2019;2640.0000
30/01/2019;2681.0500
31/01/2019;2704.1000
01/02/2019;2706.5300
04/02/2019;2724.8700
05/02/2019;2737.7000
06/02/2019;2731.6100
07/02/2019;2706.0500
08/02/2019;2707.8800
11/02/2019;2709.8000
12/02/2019;2744.7300
13/02/2019;2753.0300
14/02/2019;2745.7300
15/02/2019;2775.6000
19/02/2019;2779.7600
20/02/2019;2784.7000
21/02/2019;2774.8800
22/02/2019;2792.6700
25/02/2019;2796.1100
26/02/2019;2793.9000
27/02/2019;2792.3800
28/02/2019;2784.4900
01/03/2019;2803.6900
04/03/2019;2792.8100
05/03/2019;2789.6500
06/03/2019;2771.4500
07/03/2019;2748.9300
08/03/2019;2743.0700
11/03/2019;2783.3000
12/03/2019;2791.5200
13/03/2019;2810.9200
14/03/2019;2808.4800
15/03/2019;2822.4800
18/03/2019;2832.9400
19/03/2019;2832.5700
20/03/2019;2824.2300
21/03/2019;2854.8800
22/03/2019;2800.7100
25/03/2019;2798.3600
26/03/2019;2818.4600
27/03/2019;2805.3700
28/03/2019;2815.4400
29/03/2019;2834.4000
01/04/2019;2867.1900
02/04/2019;2867.2400
03/04/2019;2873.4000
04/04/2019;2879.3900
05/04/2019;2892.7400
08/04/2019;2895.7700
09/04/2019;2878.2000
10/04/2019;2888.2100
11/04/2019;2888.3200
12/04/2019;2907.4100
15/04/2019;2905.5800
16/04/2019;2907.0600
17/04/2019;2900.4500
18/04/2019;2905.0300
22/04/2019;2907.9700
23/04/2019;2933.6800
24/04/2019;2927.2500
25/04/2019;2926.1700
26/04/2019;2939.8800
29/04/2019;2943.0300
30/04/2019;2945.8300
01/05/2019;2923.7300
02/05/2019;2917.5200
03/05/2019;2945.6400
06/05/2019;2932.4700
07/05/2019;2884.0500
08/05/2019;2879.4200
09/05/2019;2870.7200
10/05/2019;2881.4000
13/05/2019;2811.8700
14/05/2019;2834.4100
15/05/2019;2850.9600
16/05/2019;2876.3200
17/05/2019;2859.5300
20/05/2019;2840.2300
21/05/2019;2864.3600
22/05/2019;2856.2700
23/05/2019;2822.2400
24/05/2019;2826.0600
28/05/2019;2802.3900
29/05/2019;2783.0200
30/05/2019;2788.8600
31/05/2019;2752.0600
03/06/2019;2744.4500
04/06/2019;2803.2700
05/06/2019;2826.1500
06/06/2019;2843.4900
07/06/2019;2873.3400
10/06/2019;2886.7300
11/06/2019;2885.7200
12/06/2019;2879.8400
13/06/2019;2891.6400
14/06/2019;2886.9800
17/06/2019;2889.6700
18/06/2019;2917.7500
19/06/2019;2926.4600
20/06/2019;2954.1800
21/06/2019;2950.4600
24/06/2019;2945.3500
25/06/2019;2917.3800
26/06/2019;2913.7800
27/06/2019;2924.9200
28/06/2019;2941.7600
01/07/2019;2964.3300
02/07/2019;2973.0100
03/07/2019;2995.8200
05/07/2019;2990.4100
08/07/2019;2975.9500
09/07/2019;2979.6300
10/07/2019;2993.0700
11/07/2019;2999.9100
12/07/2019;3013.7700
15/07/2019;3014.3000
16/07/2019;3004.0400
17/07/2019;2984.4200
18/07/2019;2995.1100
19/07/2019;2976.6100
22/07/2019;2985.0300
23/07/2019;3005.4700
24/07/2019;3019.5600
25/07/2019;3003.6700
26/07/2019;3025.8600
29/07/2019;3020.9700
30/07/2019;3013.1800
31/07/2019;2980.3800
01/08/2019;2953.5600
02/08/2019;2932.0500
05/08/2019;2844.7400
06/08/2019;2881.7700
07/08/2019;2883.9800
08/08/2019;2938.0900
09/08/2019;2918.6500
12/08/2019;2883.7500
13/08/2019;2926.3200
14/08/2019;2840.6000
15/08/2019;2847.6000
16/08/2019;2888.6800
19/08/2019;2923.6500
20/08/2019;2900.5100
21/08/2019;2924.4300
22/08/2019;2922.9500
23/08/2019;2847.1100
26/08/2019;2878.3800
27/08/2019;2869.1600
28/08/2019;2887.9400
29/08/2019;2924.5800
30/08/2019;2926.4600
03/09/2019;2906.2700
04/09/2019;2937.7800
05/09/2019;2976.0000
06/09/2019;2978.7100
09/09/2019;2978.4300
10/09/2019;2979.3900
11/09/2019;3000.9300
12/09/2019;3009.5700
13/09/2019;3007.3900
16/09/2019;2997.9600
17/09/2019;3005.7000
18/09/2019;3006.7300
19/09/2019;3006.7900
20/09/2019;2992.0700
23/09/2019;2991.7800
24/09/2019;2966.6000
25/09/2019;2984.8700
26/09/2019;2977.6200
27/09/2019;2961.7900
30/09/2019;2976.7400
01/10/2019;2940.2500
02/10/2019;2887.6100
03/10/2019;2910.6300
04/10/2019;2952.0100
07/10/2019;2938.7900
08/10/2019;2893.0600
09/10/2019;2919.4000
10/10/2019;2938.1300
11/10/2019;2970.2700
14/10/2019;2966.1500
15/10/2019;2995.6800
16/10/2019;2989.6900
17/10/2019;2997.9500
18/10/2019;2986.2000
21/10/2019;3006.7200
22/10/2019;2995.9900
23/10/2019;3004.5200
24/10/2019;3010.2900
25/10/2019;3022.5500
28/10/2019;3039.4200
29/10/2019;3036.8900
30/10/2019;3046.7700
31/10/2019;3037.5600
01/11/2019;3066.9100
04/11/2019;3078.2700
05/11/2019;3074.6200
06/11/2019;3076.7800
07/11/2019;3085.1800
08/11/2019;3093.0800
11/11/2019;3087.0100
12/11/2019;3091.8400
13/11/2019;3094.0400
14/11/2019;3096.6300
15/11/2019;3120.4600
18/11/2019;3122.0300
19/11/2019;3120.1800
20/11/2019;3108.4600
21/11/2019;3103.5400
22/11/2019;3110.2900
25/11/2019;3133.6400
26/11/2019;3140.5200
27/11/2019;3153.6300
29/11/2019;3140.9800
02/12/2019;3113.8700
03/12/2019;3093.2000
04/12/2019;3112.7600
05/12/2019;3117.4300
06/12/2019;3145.9100
09/12/2019;3135.9600
10/12/2019;3132.5200
11/12/2019;3141.6300
12/12/2019;3168.5700
13/12/2019;3168.8000
16/12/2019;3191.4500
17/12/2019;3192.5200
18/12/2019;3191.1400
19/12/2019;3205.3700
20/12/2019;3221.2200
23/12/2019;3224.0100
24/12/2019;3223.3800
26/12/2019;3239.9100
27/12/2019;3240.0200
30/12/2019;3221.2900
31/12/2019;3230.7800
02/01/2020;3257.8500
03/01/2020;3234.8500
06/01/2020;3246.2800
07/01/2020;3237.1800
08/01/2020;3253.0500
09/01/2020;3274.7000
10/01/2020;3265.3500
13/01/2020;3288.1300
14/01/2020;3283.1500
15/01/2020;3289.2900
16/01/2020;3316.8100
17/01/2020;3329.6200
21/01/2020;3320.7900
22/01/2020;3321.7500
23/01/2020;3325.5400
24/01/2020;3295.4700
27/01/2020;3243.6300
28/01/2020;3276.2400
29/01/2020;3273.4000
30/01/2020;3283.6600
31/01/2020;3225.5200
03/02/2020;3248.9200
04/02/2020;3297.5900
05/02/2020;3334.6900
06/02/2020;3345.7800
07/02/2020;3327.7100
10/02/2020;3352.0900
11/02/2020;3357.7500
12/02/2020;3379.4500
13/02/2020;3373.9400
14/02/2020;3380.1600
18/02/2020;3370.2900
19/02/2020;3386.1500
20/02/2020;3373.2300
21/02/2020;3337.7500
24/02/2020;3225.8900
25/02/2020;3128.2100
26/02/2020;3116.3900
27/02/2020;2978.7600
28/02/2020;2954.2200
02/03/2020;3090.2300
03/03/2020;3003.3700
04/03/2020;3130.1200
05/03/2020;3023.9400
06/03/2020;2972.3700
09/03/2020;2746.5600
10/03/2020;2882.2300
11/03/2020;2741.3800
12/03/2020;2480.6400
13/03/2020;2711.0200
16/03/2020;2386.1300
17/03/2020;2529.1900
18/03/2020;2398.1000
19/03/2020;2409.3900
20/03/2020;2304.9200
23/03/2020;2237.4000
24/03/2020;2447.3300
25/03/2020;2475.5600
26/03/2020;2630.0700
27/03/2020;2541.4700
30/03/2020;2626.6500
31/03/2020;2584.5900
01/04/2020;2470.5000
02/04/2020;2526.9000
03/04/2020;2488.6500
06/04/2020;2663.6800
07/04/2020;2659.4100
08/04/2020;2749.9800
09/04/2020;2789.8200
13/04/2020;2761.6300
14/04/2020;2846.0600
15/04/2020;2783.3600
16/04/2020;2799.5500
17/04/2020;2874.5600
20/04/2020;2823.1600
21/04/2020;2736.5600
22/04/2020;2799.3100
23/04/2020;2797.8000
24/04/2020;2836.7400
27/04/2020;2878.4800
28/04/2020;2863.3900
29/04/2020;2939.5100
30/04/2020;2912.4300
01/05/2020;2830.7100
04/05/2020;2842.7400
05/05/2020;2868.4400
06/05/2020;2848.4200
07/05/2020;2881.1900
08/05/2020;2929.8000
11/05/2020;2930.3200
12/05/2020;2870.1200
13/05/2020;2820.0000
14/05/2020;2852.5000
15/05/2020;2863.7000
18/05/2020;2953.9100
19/05/2020;2922.9400
20/05/2020;2971.6100
21/05/2020;2948.5100
22/05/2020;2955.4500
26/05/2020;2991.7700
27/05/2020;3036.1300
28/05/2020;3029.7300
29/05/2020;3044.3100
01/06/2020;3055.7300
02/06/2020;3080.8200
03/06/2020;3122.8700
04/06/2020;3112.3500
05/06/2020;3193.9300
08/06/2020;3232.3900
09/06/2020;3207.1800
10/06/2020;3190.1400
11/06/2020;3002.1000
12/06/2020;3041.3100
15/06/2020;3066.5900
16/06/2020;3124.7400
17/06/2020;3113.4900
18/06/2020;3115.3400
19/06/2020;3097.7400
22/06/2020;3117.8600
23/06/2020;3131.2900
24/06/2020;3050.3300
25/06/2020;3083.7600
26/06/2020;3009.0500
29/06/2020;3053.2400
30/06/2020;3100.2900
01/07/2020;3115.8600
02/07/2020;3130.0100
06/07/2020;3179.7200
07/07/2020;3145.3200
08/07/2020;3169.9400
09/07/2020;3152.0500
10/07/2020;3185.0400
13/07/2020;3155.2200
14/07/2020;3197.5200
15/07/2020;3226.5600
16/07/2020;3215.5700
17/07/2020;3224.7300
20/07/2020;3251.8400
21/07/2020;3257.3000
22/07/2020;3276.0200
23/07/2020;3235.6600
24/07/2020;3215.6300
27/07/2020;3239.4100
28/07/2020;3218.4400
29/07/2020;3258.4400
30/07/2020;3246.2200
31/07/2020;3271.1200
03/08/2020;3294.6100
04/08/2020;3306.5100
05/08/2020;3327.7700
06/08/2020;3349.1600
07/08/2020;3351.2800
10/08/2020;3360.4700
11/08/2020;3333.6900
12/08/2020;3380.3500
13/08/2020;3373.4300
14/08/2020;3372.8500
17/08/2020;3381.9900
18/08/2020;3389.7800
19/08/2020;3374.8500
20/08/2020;3385.5100
21/08/2020;3397.1600
24/08/2020;3431.2800
25/08/2020;3443.6200
26/08/2020;3478.7300
27/08/2020;3484.5500
28/08/2020;3508.0100
31/08/2020;3500.3100
01/09/2020;3526.6500
02/09/2020;3580.8400
03/09/2020;3455.0600
04/09/2020;3426.9600
08/09/2020;3331.8400
09/09/2020;3398.9600
10/09/2020;3339.1900
11/09/2020;3340.9700
14/09/2020;3383.5400
15/09/2020;3401.2000
16/09/2020;3385.4900
17/09/2020;3357.0100
18/09/2020;3319.4700
21/09/2020;3281.0600
22/09/2020;3315.5700
23/09/2020;3236.9200
24/09/2020;3246.5900
25/09/2020;3298.4600
28/09/2020;3351.6000
29/09/2020;3335.4700
30/09/2020;3363.0000
01/10/2020;3380.8000
02/10/2020;3348.4400
05/10/2020;3408.6300
06/10/2020;3360.9500
07/10/2020;3419.4500
08/10/2020;3446.8300
09/10/2020;3477.1300
12/10/2020;3534.2200
13/10/2020;3511.9300
14/10/2020;3488.6700
15/10/2020;3483.3400
16/10/2020;3483.8100
19/10/2020;3426.9200
20/10/2020;3443.1200
21/10/2020;3435.5600
22/10/2020;3453.4900
23/10/2020;3465.3900
26/10/2020;3400.9700
27/10/2020;3390.6800
28/10/2020;3271.0300
29/10/2020;3310.1100
30/10/2020;3269.9600
02/11/2020;3310.2400
03/11/2020;3369.1600
04/11/2020;3443.4400
05/11/2020;3510.4500
06/11/2020;3509.4400
09/11/2020;3550.5000
10/11/2020;3545.5300
11/11/2020;3572.6600
12/11/2020;3537.0100
13/11/2020;3585.1500
16/11/2020;3626.9100
17/11/2020;3609.5300
18/11/2020;3567.7900
19/11/2020;3581.8700
20/11/2020;3557.5400
23/11/2020;3577.5900
24/11/2020;3635.4100
25/11/2020;3629.6500
27/11/2020;3638.3500
30/11/2020;3621.6300
01/12/2020;3662.4500
02/12/2020;3669.0100
03/12/2020;3666.7200
04/12/2020;3699.1200
07/12/2020;3691.9600
08/12/2020;3702.2500
09/12/2020;3672.8200
10/12/2020;3668.1000
11/12/2020;3663.4600
14/12/2020;3647.4900
15/12/2020;3694.6200
16/12/2020;3701.1700
17/12/2020;3722.4800
18/12/2020;3709.4100
21/12/2020;3694.9200
22/12/2020;3687.2600
23/12/2020;3690.0100
24/12/2020;3703.0600
28/12/2020;3735.3600
29/12/2020;3727.0400
30/12/2020;3732.0400
31/12/2020;3756.0700
04/01/2021;3700.6500
05/01/2021;3726.8600
06/01/2021;3748.1400
07/01/2021;3803.7900
08/01/2021;3824.6800
11/01/2021;3799.6100
12/01/2021;3801.1900
13/01/2021;3809.8400
14/01/2021;3795.5400
15/01/2021;3768.2500
19/01/2021;3798.9100
20/01/2021;3851.8500
21/01/2021;3853.0700
22/01/2021;3841.4700
25/01/2021;3855.3600
26/01/2021;3849.6200
27/01/2021;3750.7700
28/01/2021;3787.3800
29/01/2021;3714.2400
01/02/2021;3773.8600
02/02/2021;3826.3100
03/02/2021;3830.1700
04/02/2021;3871.7400
05/02/2021;3886.8300
08/02/2021;3915.5900
09/02/2021;3911.2300
10/02/2021;3909.8800
11/02/2021;3916.3800
12/02/2021;3934.8300
16/02/2021;3932.5900
17/02/2021;3931.3300
18/02/2021;3913.9700
19/02/2021;3906.7100
22/02/2021;3876.5000
23/02/2021;3881.3700
24/02/2021;3925.4300
25/02/2021;3829.3400
26/02/2021;3811.1500
01/03/2021;3901.8200
02/03/2021;3870.2900
03/03/2021;3819.7200
04/03/2021;3768.4700
05/03/2021;3841.9400
08/03/2021;3821.3500
09/03/2021;3875.4400
10/03/2021;3898.8100
11/03/2021;3939.3400
12/03/2021;3943.3400
15/03/2021;3968.9400
16/03/2021;3962.7100
17/03/2021;3974.1200
18/03/2021;3915.4600
19/03/2021;3913.1000
22/03/2021;3940.5900
23/03/2021;3910.5200
24/03/2021;3889.1400
25/03/2021;3909.5200
26/03/2021;3974.5400
29/03/2021;3971.0900
30/03/2021;3958.5500
31/03/2021;3972.8900
02/04/2021;4019.8700
05/04/2021;4077.9100
06/04/2021;4073.9400
07/04/2021;4079.9500
08/04/2021;4097.1700
09/04/2021;4128.8000
12/04/2021;4127.9900
13/04/2021;4141.5900
14/04/2021;4124.6600
15/04/2021;4170.4200
16/04/2021;4185.4700
19/04/2021;4163.2600
20/04/2021;4134.9400
21/04/2021;4173.4200
22/04/2021;4134.9800
23/04/2021;4180.1700
26/04/2021;4187.6200
27/04/2021;4186.7200
28/04/2021;4183.1800
29/04/2021;4211.4700
30/04/2021;4181.1700
03/05/2021;4192.6600
04/05/2021;4164.6600
05/05/2021;4167.5900
06/05/2021;4201.6200
07/05/2021;4232.6000
10/05/2021;4188.4300
11/05/2021;4152.1000
12/05/2021;4063.0400
13/05/2021;4112.5000
14/05/2021;4173.8500
17/05/2021;4163.2900
18/05/2021;4127.8300
19/05/2021;4115.6800
20/05/2021;4159.1200
21/05/2021;4155.8600
24/05/2021;4197.0500
25/05/2021;4188.1300
26/05/2021;4195.9900
27/05/2021;4200.8800
28/05/2021;4204.1100
01/06/2021;4202.0400
02/06/2021;4208.1200
03/06/2021;4192.8500
04/06/2021;4229.8900
07/06/2021;4226.5200
08/06/2021;4227.2600
09/06/2021;4219.5500
10/06/2021;4239.1800
11/06/2021;4247.4400
14/06/2021;4255.1500
15/06/2021;4246.5900
16/06/2021;4223.7000
17/06/2021;4221.8600
18/06/2021;4166.4500
21/06/2021;4224.7900
22/06/2021;4246.4400
23/06/2021;4241.8400
24/06/2021;4266.4900
25/06/2021;4280.7000
28/06/2021;4290.6100
29/06/2021;4291.8000
30/06/2021;4297.5000
01/07/2021;4319.9400
02/07/2021;4352.3400
06/07/2021;4343.5400
07/07/2021;4358.1300
08/07/2021;4320.8200
09/07/2021;4369.5500
12/07/2021;4384.6300
13/07/2021;4369.2100
14/07/2021;4374.3000
15/07/2021;4360.0300
16/07/2021;4327.1600
19/07/2021;4258.4900
20/07/2021;4323.0600
21/07/2021;4358.6900
22/07/2021;4367.4800
23/07/2021;4411.7900
26/07/2021;4422.3000
27/07/2021;4401.4600
28/07/2021;4400.6400
29/07/2021;4419.1500
30/07/2021;4395.2600
02/08/2021;4387.1600
03/08/2021;4423.1500
04/08/2021;4402.6600
05/08/2021;4429.1000
06/08/2021;4436.5200
09/08/2021;4432.3500
10/08/2021;4436.7500
11/08/2021;4447.7000
12/08/2021;4460.8300
13/08/2021;4468.0000
16/08/2021;4479.7100
17/08/2021;4448.0800
18/08/2021;4400.2700
19/08/2021;4405.8000
20/08/2021;4441.6700
23/08/2021;4479.5300
24/08/2021;4486.2300
25/08/2021;4496.1900
26/08/2021;4470.0000
27/08/2021;4509.3700
30/08/2021;4528.7900
31/08/2021;4522.6800
01/09/2021;4524.0900
02/09/2021;4536.9500
03/09/2021;4535.4300
07/09/2021;4520.0300
08/09/2021;4514.0700
09/09/2021;4493.2800
10/09/2021;4458.5800
13/09/2021;4468.7300
14/09/2021;4443.0500
15/09/2021;4480.7000
16/09/2021;4473.7500
17/09/2021;4432.9900
20/09/2021;4357.7300
21/09/2021;4354.1900
22/09/2021;4395.6400
23/09/2021;4448.9800
24/09/2021;4455.4800
27/09/2021;4443.1100
28/09/2021;4352.6300
29/09/2021;4359.4600
30/09/2021;4307.5400
01/10/2021;4357.0400
04/10/2021;4300.4600
05/10/2021;4345.7200
06/10/2021;4363.5500
07/10/2021;4399.7600
08/10/2021;4391.3400
11/10/2021;4361.1900
12/10/2021;4350.6500
13/10/2021;4363.8000
14/10/2021;4438.2600
15/10/2021;4471.3700
18/10/2021;4486.4600
19/10/2021;4519.6300
20/10/2021;4536.1900
21/10/2021;4549.7800
22/10/2021;4544.9000
25/10/2021;4566.4800
26/10/2021;4574.7900
27/10/2021;4551.6800
28/10/2021;4596.4200
29/10/2021;4605.3800
01/11/2021;4613.6700
02/11/2021;4630.6500
03/11/2021;4660.5700
04/11/2021;4680.0600
05/11/2021;4697.5300
08/11/2021;4701.7000
09/11/2021;4685.2500
10/11/2021;4646.7100
11/11/2021;4649.2700
12/11/2021;4682.8500
15/11/2021;4682.8000
16/11/2021;4700.9000
17/11/2021;4688.6700
18/11/2021;4704.5400
19/11/2021;4697.9600
22/11/2021;4682.9400
23/11/2021;4690.7000
24/11/2021;4701.4600
26/11/2021;4594.6200
29/11/2021;4655.2700
30/11/2021;4567.0000
01/12/2021;4513.0400
02/12/2021;4577.1000
03/12/2021;4538.4300
06/12/2021;4591.6700
07/12/2021;4686.7500
08/12/2021;4701.2100
09/12/2021;4667.4500
10/12/2021;4712.0200
13/12/2021;4668.9700
14/12/2021;4634.0900
15/12/2021;4709.8500
16/12/2021;4668.6700
17/12/2021;4620.6400
20/12/2021;4568.0200
21/12/2021;4649.2300
22/12/2021;4696.5600
23/12/2021;4725.7900
27/12/2021;4791.1900
28/12/2021;4786.3500
29/12/2021;4793.0600
30/12/2021;4778.7300
31/12/2021;4766.1800
03/01/2022;4796.5600
04/01/2022;4793.5400
05/01/2022;4700.5800
06/01/2022;4696.0500
07/01/2022;4677.0300
10/01/2022;4670.2900
11/01/2022;4713.0700
12/01/2022;4726.3500
13/01/2022;4659.0300
14/01/2022;4662.8500
18/01/2022;4577.1100
19/01/2022;4532.7600
20/01/2022;4482.7300
21/01/2022;4397.9400
24/01/2022;4410.1300
25/01/2022;4356.4500
26/01/2022;4349.9300
27/01/2022;4326.5100
28/01/2022;4431.8500
31/01/2022;4515.5500
01/02/2022;4546.5400
02/02/2022;4589.3800
03/02/2022;4477.4400
04/02/2022;4500.5300
07/02/2022;4483.8700
08/02/2022;4521.5400
09/02/2022;4587.1800
10/02/2022;4504.0800
11/02/2022;4418.6400
14/02/2022;4401.6700
15/02/2022;4471.0700
16/02/2022;4475.0100
17/02/2022;4380.2600
18/02/2022;4348.8700
22/02/2022;4304.7600
23/02/2022;4225.5000
24/02/2022;4288.7000
25/02/2022;4384.6500
28/02/2022;4373.9400
01/03/2022;4306.2600
02/03/2022;4386.5400
03/03/2022;4363.4900
04/03/2022;4328.8700
07/03/2022;4201.0900
08/03/2022;4170.7000
09/03/2022;4277.8800
10/03/2022;4259.5200
11/03/2022;4204.3100
14/03/2022;4173.1100
15/03/2022;4262.4500
16/03/2022;4357.8600
17/03/2022;4411.6700
18/03/2022;4463.1200
21/03/2022;4461.1800
22/03/2022;4511.6100
23/03/2022;4456.2400
24/03/2022;4520.1600
25/03/2022;4543.0600
28/03/2022;4575.5200
29/03/2022;4631.6000
30/03/2022;4602.4500
31/03/2022;4530.4100
01/04/2022;4545.8600
04/04/2022;4582.6400
05/04/2022;4525.1200
06/04/2022;4481.1500
07/04/2022;4500.2100
08/04/2022;4488.2800
11/04/2022;4412.5300
12/04/2022;4397.4500
13/04/2022;4446.5900
15/04/2022;4392.5900
18/04/2022;4391.6900
19/04/2022;4462.2100
20/04/2022;4459.4500
21/04/2022;4393.6600
22/04/2022;4271.7800
25/04/2022;4296.1200
26/04/2022;4175.2000
27/04/2022;4183.9600
28/04/2022;4287.5000
29/04/2022;4131.9300
02/05/2022;4155.3800
03/05/2022;4175.4800
04/05/2022;4300.1700
05/05/2022;4146.8700
06/05/2022;4123.3400
09/05/2022;3991.2400
10/05/2022;4001.0500
11/05/2022;3935.1800
12/05/2022;3930.0800
13/05/2022;4023.8900
16/05/2022;4008.0100
17/05/2022;4088.8500
18/05/2022;3923.6800
19/05/2022;3900.7900
20/05/2022;3901.3600
23/05/2022;3973.7500
24/05/2022;3941.4800
25/05/2022;3978.7300
26/05/2022;4057.8400
27/05/2022;4158.2400
31/05/2022;4132.1500
01/06/2022;4101.2300
02/06/2022;4176.8200
03/06/2022;4108.5400
06/06/2022;4121.4300
07/06/2022;4160.6800
08/06/2022;4115.7700
09/06/2022;4017.8200
10/06/2022;3900.8600
13/06/2022;3749.6300
14/06/2022;3735.4800
15/06/2022;3789.9900
16/06/2022;3666.7700
17/06/2022;3674.8400
20/06/2022;3764.7900
22/06/2022;3759.8900
23/06/2022;3795.7300
24/06/2022;3911.7400
27/06/2022;3900.1100
28/06/2022;3821.5500
29/06/2022;3818.8300
30/06/2022;3785.3800
01/07/2022;3825.3300
05/07/2022;3831.3900
06/07/2022;3845.0800
07/07/2022;3902.6200
08/07/2022;3899.3800
11/07/2022;3854.4300
12/07/2022;3818.8000
13/07/2022;3801.7800
14/07/2022;3790.3800
15/07/2022;3863.1600
18/07/2022;3830.8500
19/07/2022;3936.6900
20/07/2022;3959.9000
21/07/2022;3998.9500
22/07/2022;3961.6300
25/07/2022;3966.8400
26/07/2022;3921.0500
27/07/2022;4023.6100
28/07/2022;4072.4300
29/07/2022;4130.2900
01/08/2022;4118.6300
02/08/2022;4091.1900
03/08/2022;4155.1700
04/08/2022;4151.9400
05/08/2022;4145.1900
08/08/2022;4140.0600
09/08/2022;4122.4700
10/08/2022;4210.2400
11/08/2022;4207.2700
12/08/2022;4280.1500
15/08/2022;4297.1400
16/08/2022;4305.2000
17/08/2022;4274.0400
18/08/2022;4283.7400
19/08/2022;4228.4800
22/08/2022;4137.9900
23/08/2022;4128.7300
24/08/2022;4140.7700
25/08/2022;4199.1200
26/08/2022;4057.6600
29/08/2022;4030.6100
30/08/2022;3986.1600
31/08/2022;3955.0000
01/09/2022;3966.8500
02/09/2022;3924.2600
06/09/2022;3908.1900
07/09/2022;3979.8700
08/09/2022;4006.1800
09/09/2022;4067.3600
12/09/2022;4110.4100
13/09/2022;3932.6900
14/09/2022;3946.0100
15/09/2022;3901.3500
16/09/2022;3873.3300
19/09/2022;3899.8900
20/09/2022;3855.9300
21/09/2022;3789.9300
22/09/2022;3757.9900
23/09/2022;3693.2300
26/09/2022;3655.0400
27/09/2022;3647.2900
28/09/2022;3719.0400
29/09/2022;3640.4700
30/09/2022;3585.6200
03/10/2022;3678.4300
04/10/2022;3790.9300
05/10/2022;3783.2800
06/10/2022;3744.5200
07/10/2022;3639.6600
10/10/2022;3612.3900
11/10/2022;3588.8400
12/10/2022;3577.0300
13/10/2022;3669.9100
14/10/2022;3583.0700
17/10/2022;3677.9500
18/10/2022;3719.9800
19/10/2022;3695.1600
20/10/2022;3665.7800
21/10/2022;3752.7500
24/10/2022;3797.3400
25/10/2022;3859.1100
26/10/2022;3830.6000
27/10/2022;3807.3000
28/10/2022;3901.0600
31/10/2022;3871.9800
01/11/2022;3856.1000
02/11/2022;3759.6900
03/11/2022;3719.8900
04/11/2022;3770.5500
07/11/2022;3806.8000
08/11/2022;3828.1100
09/11/2022;3748.5700
10/11/2022;3956.3700
11/11/2022;3992.9300
14/11/2022;3957.2500
15/11/2022;3991.7300
16/11/2022;3958.7900
17/11/2022;3946.5600
18/11/2022;3965.3400
21/11/2022;3949.9400
22/11/2022;4003.5800
23/11/2022;4027.2600
25/11/2022;4026.1200
28/11/2022;3963.9400
29/11/2022;3957.6300
30/11/2022;4080.1100
01/12/2022;4076.5700
02/12/2022;4071.7000
05/12/2022;3998.8400
06/12/2022;3941.2600
07/12/2022;3933.9200
08/12/2022;3963.5100
09/12/2022;3934.3800
12/12/2022;3990.5600
13/12/2022;4019.6500
14/12/2022;3995.3200
15/12/2022;3895.7500
16/12/2022;3852.3600
19/12/2022;3817.6600
20/12/2022;3821.6200
21/12/2022;3878.4400
22/12/2022;3822.3900
23/12/2022;3844.8200
27/12/2022;3829.2500
28/12/2022;3783.2200
29/12/2022;3849.2800
30/12/2022;3839.5000
31/12/2022;3839.5000
03/01/2023;3824.1400
04/01/2023;3852.9700
05/01/2023;3808.1000
06/01/2023;3895.0800
09/01/2023;3892.0900
10/01/2023;3919.2500
11/01/2023;3969.6100
12/01/2023;3983.1700
13/01/2023;3999.0900
17/01/2023;3990.9700
18/01/2023;3928.8600
19/01/2023;3898.8500
20/01/2023;3972.6100
23/01/2023;4019.8100
24/01/2023;4016.9500
25/01/2023;4016.2200
26/01/2023;4060.4300
27/01/2023;4070.5600
30/01/2023;4017.7700
31/01/2023;4076.6000
01/02/2023;4119.2100
02/02/2023;4179.7600
03/02/2023;4136.4800
06/02/2023;4111.0800
07/02/2023;4164.0000
08/02/2023;4117.8600
09/02/2023;4081.5000
10/02/2023;4090.4600
13/02/2023;4137.2900
14/02/2023;4136.1300
15/02/2023;4147.6000
16/02/2023;4090.4100
17/02/2023;4079.0900
21/02/2023;3997.3400
22/02/2023;3991.0500
23/02/2023;4012.3200
24/02/2023;3970.0400
27/02/2023;3982.2400
28/02/2023;3970.1500
01/03/2023;3951.3900
02/03/2023;3981.3500
03/03/2023;4045.6400
06/03/2023;4048.4200
07/03/2023;3986.3700
08/03/2023;3992.0100
09/03/2023;3918.3200
10/03/2023;3861.5900